unique_ids,invalid,v_gene,d_gene,j_gene,cdr3_length,mut_freqs,n_mutations,input_seqs,indel_reversed_seqs,has_shm_indels,qr_gap_seqs,gl_gap_seqs,naive_seq,duplicates,v_per_gene_support,d_per_gene_support,j_per_gene_support,v_3p_del,d_5p_del,d_3p_del,j_5p_del,v_5p_del,j_3p_del,vd_insertion,dj_insertion,fv_insertion,jf_insertion,mutated_invariants,in_frames,stops,relative_affinities,affinities,constant-regions,multiplicities,loci,paired-uids,timepoints,subjects,codon_positions,tree-info,alternative-annotations,cdr3_seqs
SRR4026019ccc42c0c0c0cs0.930192,False,IGHV3-64*03,IGHD1-26*01,IGHJ1*01,111,0.4765432098765432,193,NNNNNNNNNNNNNNNNNNNNNNAGGGCGGGAACAGAGTGACAGTGGGGTTGGCCTTGGGCTGACCTAGGACGGTGACCTTGGTCCCAGTTACGAAGACTCCTCTCAGGCTGCTGTCATAGGACTGGCAGTAATAATCAGCCTCATCCTCAGCCTGGAGCCCAGTGATGGCCAGGGAGGCTGAGGTGCCAGACTTGGAGCCAGAGAATCGGTCAGGGACCCCTGAGGGCCGATTGCTGTTACCATAGATGAGGAGTTTGGGGGCTGTTCCTGGAAGCTGCTGGTACCAGTGTACATCCTAACCTGCCCCGATGTTGGAGCTGCTCCCACTGCAGGGGATGGTGACCCGCGGCGCTGGGGCCGCAGACACTGAGGGCGGCGGCGTCAGCAGAGACTGGGCCCAGGACCCTGGGCAGTGAGCGAGGAG,NNNNNNNNNNNNNNNNNNNNNNAGGGCGGGAACAGAGTGACAGTGGGGTTGGCCTTGGGCTGACCTAGGACGGTGACCTTGGTCCCAGTTACGAAGACTCCTCTCAGGCTGCTGTCATAGGACTGGCAGTAATAATCAGCCTCATCCTCAGCCTGGAGCCCAGTGATGGCCAGGGAGGCTGAGGTGCCAGACTTGGAGCCAGAGAATCGGTCAGGGACCCCTGAGGGCCGATTGCTGTTACCATAGATGAGGAGTTTGGGGGCTGTTCCTGGAAGCTGCTGGTACCAGTGTACATCCTAACCTGCCCCGATGTTGGAGCTGCTCCCACTGCAGGGGATGGTGACCCGCGGCGCTGGGGCCGCAGACACTGAGGGCGGCGGCGTCAGCAGAGACTGGGCCCAGGGCACCCTGGGCAGTGAGCGAGGAG,True,NNNNNNNNNNNNNNNNNNNNNNAGGGCGGGAACAGAGTGACAGTGGGGTTGGCCTTGGGCTGACCTAGGACGGTGACCTTGGTCCCAGTTACGAAGACTCCTCTCAGGCTGCTGTCATAGGACTGGCAGTAATAATCAGCCTCATCCTCAGCCTGGAGCCCAGTGATGGCCAGGGAGGCTGAGGTGCCAGACTTGGAGCCAGAGAATCGGTCAGGGACCCCTGAGGGCCGATTGCTGTTACCATAGATGAGGAGTTTGGGGGCTGTTCCTGGAAGCTGCTGGTACCAGTGTACATCCTAACCTGCCCCGATGTTGGAGCTGCTCCCACTGCAGGGGATGGTGACCCGCGGCGCTGGGGCCGCAGACACTGAGGGCGGCGGCGTCAGCAGAGACTGGGCCCAGG..ACCCTGGGCAGTGAGCGAGGAG,GAGGTGCAGCTGGTGGAGTCTGGGGGAGGCTTGGTCCAGCCTGGGGGGTCCCTGAGACTCTCCTGTTCAGCCTCTGGATTCACCTTCAGTAGCTATGCTATGCACTGGGTCCGCCAGGCTCCAGGGAAGGGACTGGAATATGTTTCAGCTATTAGTAGTAATGGGGGTAGCACATACTACGCAGACTCAGTGAAGGGCAGATTCACCATCTCCAGAGACAATTCCAAGAACACGCTGTATGTCCAAATGAGCAGTCTGAGAGCTGAGGACACGGCTGTGTATTACTGTTGTACATCCTAACCTGCCCCGATGTGGGAGCTACTACCACTGCAGGGGATGGTGACCCGCGGCGCTGGGGCCGCAGACACTGAGGGCGGCGGCGTCAGCAGAGACTGGGGCCAGGGCACCCTGGTCACCGTCTCCTCAG,GAGGTGCAGCTGGTGGAGTCTGGGGGAGGCTTGGTCCAGCCTGGGGGGTCCCTGAGACTCTCCTGTTCAGCCTCTGGATTCACCTTCAGTAGCTATGCTATGCACTGGGTCCGCCAGGCTCCAGGGAAGGGACTGGAATATGTTTCAGCTATTAGTAGTAATGGGGGTAGCACATACTACGCAGACTCAGTGAAGGGCAGATTCACCATCTCCAGAGACAATTCCAAGAACACGCTGTATGTCCAAATGAGCAGTCTGAGAGCTGAGGACACGGCTGTGTATTACTGTTGTACATCCTAACCTGCCCCGATGTGGGAGCTACTACCACTGCAGGGGATGGTGACCCGCGGCGCTGGGGCCGCAGACACTGAGGGCGGCGGCGTCAGCAGAGACTGGGGCCAGGGCACCCTGGTCACCGTCTCCTCAG,,IGHV3-64*03:1.0,IGHD1-26*01:0.991258226542;IGHD2-15*01:0.00719161002369;IGHD6-13*01:0.00109212579991;IGHD2-2*01:0.000458037634006,IGHJ1*01:1.0,8,6,0,16,0,0,TGTACATCCTAACCTGCCCCGAT,CACTGCAGGGGATGGTGACCCGCGGCGCTGGGGCCGCAGACACTGAGGGCGGCGGCGTCAGCAGAG,,,True,True,True,None,None,None,None,None,None,None,None,"{'j': 393, 'v': 285}",None,None,CAGTGTACATCCTAACCTGCCCCGATGTTGGAGCTGCTCCCACTGCAGGGGATGGTGACCCGCGGCGCTGGGGCCGCAGACACTGAGGGCGGCGGCGTCAGCAGAGACTGG
SRR4026019ccc48c0c0c0cs0.963524,False,IGHV3-64*03,IGHD2-15*01,IGHJ3*02,122,0.5355329949238579,211,NNNNNNNNNNNNNNNNNNNNNNNNNNNNNNNNNNNNNNNNNNNNGACAGATGGTGCAGCCACAGTTCGTTTGATTTCCACCTTGGTCCCTTGGCCGAACGTCACCGGTGAGCTACCATACTGCTGACAGTAATACACTGCAAAATCTTCAGGCTCCAGTCTGCTGATGGTGAGAGTGAAGTCTGTCCCAGACCCACTGCCACTGAACCTGTCTGGGATGCCAGTGGCCCTGCTGGATGCACCATAGATGAGGAGCCTGGGAGCCTGGCCAGGTTTCTGCTGGTACCAGGCTAAGTAGCTGCTGCTAACACTCTGACTGGCCCTGCAGGAGAGGGTGGCTCTTTCCCCTGGAGACAAAGACAGGGTGCCTGGAGACTGCGTCAACACAATTTCTCCGGTGGTATCTGGGAGCCAGAGTAGCAGGAGGAAGAGAAGCTGC,,False,,,GAGGTGCAGCTGGTGGAGTCTGGGGGAGGCTTGGTCCAGCCTGGGGGGTCCCTGAGACTCTCCTGTTCAGCCTCTGGATTCACCTTCAGTAGCTATGCTATGCACTGGGTCCGCCAGGCTCCAGGGAAGGGACTGGAATATGTTTCAGCTATTAGTAGTAATGGGGGTAGCACATACTACGCAGACTCAGTGAAGGGCAGATTCACCATCTCCAGAGACAATTCCAAGAACACGCTGTATGTCCAAATGAGCAGTCTGAGAGCTGAGGACACGGCTGTGTATTACTGTGTGAAAGAGCTGCTGCTAACACTCTGACTGGCCCTGCAGGAGAGGGTAGCTGCTACTCCTGGAGACAAAGACAGGGTGCCTGGAGACTGCGTCAACACAATTTCTCCGGTGATATCTGGGGCCAAGGGACAATGGTCACCGTCTCTTCAG,,IGHV3-64*03:1.0,IGHD2-15*01:0.992492150273;IGHD2-2*01:0.00750784972709,IGHJ3*02:0.999997291243;IGHJ2*01:2.70875697595e-06,0,17,0,9,0,0,GCTGCTGCTAACACTCTGACTGGCCCTGCAGGAGAGG,TGGAGACAAAGACAGGGTGCCTGGAGACTGCGTCAACACAATTTCTCCGG,,,True,False,True,None,None,None,None,None,None,None,None,"{'j': 404, 'v': 285}",None,None,CAGGCTAAGTAGCTGCTGCTAACACTCTGACTGGCCCTGCAGGAGAGGGTGGCTCTTTCCCCTGGAGACAAAGACAGGGTGCCTGGAGACTGCGTCAACACAATTTCTCCGGTGGTATCTGG
SRR4026019ccc52c0c0c0cs0.972348,False,IGHV3-64*03,IGHD1-26*01,IGHJ1*01,45,0.6111111111111112,209,NNNNNNNNNNNNNNNNNNNAGGGCGGGAACAGAGTGACCGAGGGGGCAGCCTTGGGCTGACCTAGGACGGTCAGCTTGGTCCCTCCGCCGAATACCACAGCACTCAGGCTGGTGTCCCATGTTCCGCAGTAATAATCGGCCTCGTCCCCAGTCTGGAGTCCGGTGATGCCCAGGGTGGCTGACGTGCCAGACTTGGAGCCAGAGAATCGGTCAGGAATCCCTGAGGGTCGCTTATTATTGTCATAAATGAGGAGTTTGGGGGCTGTTCCTGGGAACTGCTGGTACCAGGATACATAATTGTTTCCAATGTTGGAGCTGCTTCCAGAGCAGGAGATGGTGACCTTCTGGCCTGGGGCGGCAGAGACTGAGGGCGGCTGCGTAAACACAGACTGGGCCCAGGAGCGTGTGCAGTGAATGAGAAGGG,,False,,,GAGGTGCAGCTGGTGGAGTCTGGGGGAGGCTTGGTCCAGCCTGGGGGGTCCCTGAGACTCTCCTGTTCAGCCTCTGGATTCACCTTCAGTAGCTATGCTATGCACTGGGTCCGCCAGGCTCCAGGGAAGGGACTGGAATATGTTTCAGCTATTAGTAGTAATGGGGGTAGCACATACTACGCAGACTCAGTGAAGGGCAGATTCACCATCTCCAGAGACAATTCCAAGAACACGCTGTATGTCCAAATGAGCAGTCTGAGAGCTGAGGACACGGCTGTGTATTACTGTGTGAAAGAATTGTTTCCAATGTGGGAGCTACTACCAGACTGGGGCCAGGGCACCCTGGTCACCGTCTCCTCAGNNNNNNNNNNNNNNNNNNNNNNNNNNNNNNNNNNNNNNNNNNNNNNNNNNNNNNNNNNNNNNN,,IGHV3-64*03:1.0,IGHD1-26*01:0.992600347725;IGHD2-15*01:0.00642374392408;IGHD6-13*01:0.000935370205329;IGHD2-2*01:4.05381453954e-05,IGHJ1*01:1.0,0,6,0,16,0,0,ATTGTTTCCAAT,CAG,,NNNNNNNNNNNNNNNNNNNNNNNNNNNNNNNNNNNNNNNNNNNNNNNNNNNNNNNNNNNNNNN,True,True,True,None,None,None,None,None,None,None,None,"{'j': 327, 'v': 285}",None,None,CAGGATACATAATTGTTTCCAATGTTGGAGCTGCTTCCAGAGCAG
SRR4026019ccc75c0c0c0cs0.918307,False,IGHV3-64*03,IGHD3-16*02,IGHJ1*01,155,0.26744186046511625,69,NNNNNNNNNNNNNNNNNNNNNNNNNNNNNNNNNNNNNNNNNNNNNNNNNNNNNNNNNNNNNNNNNNNNNNNNNNNNNNNNNNNNNNNNNNNNNNNNNNNNNNNNNNNNNNNNNNNNNNNNNNNNNNNNNNNNNNNNNNNNNNNNNNNNNNNNNNNNNNNNNNNNNNNNNNNNNNNNNNNNNNNNNNNNNNNNNNNNNNNNNNNNNNNNNNNNNTGTCTGCACCCTGATATGATGGGGAACACATCCGGAGCCTTGGTGGGTGCTGAGGAGACGGTGACCAGGGTTCCCTGGCCCCAGTAGTCCCCGAGGTATAACCACTCCAAAAATCGTAATACCACAGTGACACAGACCTCACCCCAAACCTACCGCCAGGCCTGGGGAAACCCGGGATGTCCAGGGCTGACCTGAGGAGGTAGCAGGGCACCGAGGGGAGGCTGTGGGCCCAGCGCTCTCAGGTCTACTGCGGGGACA,,False,,,GAGGTGCAGCTGGTGGAGTCTGGGGGAGGCTTGGTCCAGCCTGGGGGGTCCCTGAGACTCTCCTGTTCAGCCTCTGGATTCACCTTCAGTAGCTATGCTATGCACTGGGTCCGCCAGGCTCCAGGGAAGGGACTGGAATATGTTTCAGCTATTAGTAGTAATGGGGGTAGCACATACTACGCAGACTCAGTGAAGGGCAGATTCACCATCTCCAGAGACAATTCCAAGAACACGCTGTATGTCCAAATGAGCAGTCTGAGAGCTGAGGACACGGCTGTGTATTACTGTTGGCCCCAGTAGTCCCCGAGGTATAACCACTCCAAAAATCGTTATACCACAGTGACACAGACCTCACCCCAAACCTACCGCCAGGCCTGGGGAAACCCGGGATGTCCAGGGCTGACCTGAGGAGGTAGCAGGGCACCGAGGGGAGGCACTGGGGCCAGGGCACCCTGGTCACCGTCTCCTCAG,,IGHV3-64*03:1.0,IGHD3-16*02:0.999332074654;IGHD2-15*01:0.000667925345767,IGHJ1*01:1.0,8,26,0,14,0,0,TGGCCCCAGTAGTCCCCGAGGTATAACCACTCCAAAA,ACAGTGACACAGACCTCACCCCAAACCTACCGCCAGGCCTGGGGAAACCCGGGATGTCCAGGGCTGACCTGAGGAGGTAGCAGGGCACCGAGGGGAG,,,True,False,True,None,None,None,None,None,None,None,None,"{'j': 437, 'v': 285}",None,None,CCCTGGCCCCAGTAGTCCCCGAGGTATAACCACTCCAAAAATCGTAATACCACAGTGACACAGACCTCACCCCAAACCTACCGCCAGGCCTGGGGAAACCCGGGATGTCCAGGGCTGACCTGAGGAGGTAGCAGGGCACCGAGGGGAGGCTGTGG
SRR4026019ccc149c0c0c0cs0.876096,False,IGHV3-64*03,IGHD1-26*01,IGHJ3*02,62,0.5418060200668896,162,NNNNNNNNNNNNNNNNNNNNNNNNNNNNNNNNNNNNNNNNNNNNNNNNNNNNNNNNNNNNNNNNNNNNNNNNNNNNNNNGGGTGCTGCAGAAGCTCAGTGAGATAACAGAAGAGCAGGTCCAGCCAGATGCCTTCCAACCAATAACTATGGGTAAGACTCCAGAACAGACTAGCCCCCGGGCAGAGGAGAGCAGGGGCTCCTCCAGCCATGGAAGCATCCCCCAGGGTGAAGTTGGAAGCAGCAATATGGTCAGCCGGAAAGAGGAGGACACAGCCCAAGCAGAGGAGGAAGAACCTTTTCAGGATGGGACTTACGACTGTTCTGTGTCCTAACAGTGAGGTTCCATCACCAAGGGGCAGTATTAATTAACTGCTCGG,,False,,,GAGGTGCAGCTGGTGGAGTCTGGGGGAGGCTTGGTCCAGCCTGGGGGGTCCCTGAGACTCTCCTGTTCAGCCTCTGGATTCACCTTCAGTAGCTATGCTATGCACTGGGTCCGCCAGGCTCCAGGGAAGGGACTGGAATATGTTTCAGCTATTAGTAGTAATGGGGGTAGCACATACTACGCAGACTCAGTGAAGGGCAGATTCACCATCTCCAGAGACAATTCCAAGAACACGCTGTATGTCCAAATGAGCAGTCTGAGAGCTGAGGACACGGCTGTGTATTACTGTGAAGAACCTTTTCAGGATGGGAGCTACTACTGTTCTGTGTCCTAACAGTGAGGTTCTGGGGCCAAGGGACAATGGTCACCGTCTCTTCAG,,IGHV3-64*03:1.0,IGHD1-26*01:1.0,IGHJ3*02:1.0,8,7,0,14,0,0,GAAGAACCTTTTCAGGA,TGTTCTGTGTCCTAACAGTGAGGT,,,True,False,True,None,None,None,None,None,None,None,None,"{'j': 344, 'v': 285}",None,None,GAGGAAGAACCTTTTCAGGATGGGACTTACGACTGTTCTGTGTCCTAACAGTGAGGTTCCAT
SRR4026019ccc204c0c0c0cs0.996711,False,IGHV3-64*03,IGHD1-26*01,IGHJ1*01,107,0.35406698564593303,74,NNNNNNNNNNNNNNNNNNNNNNNNNNNNNNNNNNNNNNNNNNNNNNNNNNNNNNNNNNNNNNNNNNNNNNNNNNNNNNNNNNNNNNNNNNNNNNNNNNNNNNNNNNNNNNNNNNNNNNNNNNNNNNNNNNNNNNNNNNNNNNNNNNNNNNNNNNNNNNNNNNNNNNNNNNNNNNNNNNNNNNNNNNNNNNNNNNNNNNNNNNNNNNNNNNNNNNGGGTGCTGCAGAGGCTCAGCGGGAAGACCTTGGGGCTGGTCGGGGATGCTGAGGAGACGGTGACCAGGGTTCCCTGGCCCCAGTTTATCCAGTCATAACCACTACTAGATAAAGCTTTCGCACAGTAATATAGGAGTCTGCGTAGTGTGTGCTACCACCACTACCACTAATAAATGAGACCCACTCCAGCCCCTTCCCTGGAGCCTGGCGGACCC,,False,,,GAGGTGCAGCTGGTGGAGTCTGGGGGAGGCTTGGTCCAGCCTGGGGGGTCCCTGAGACTCTCCTGTTCAGCCTCTGGATTCACCTTCAGTAGCTATGCTATGCACTGGGTCCGCCAGGCTCCAGGGAAGGGACTGGAATATGTTTCAGCTATTAGTAGTAATGGGGGTAGCACATACTACGCAGACTCAGTGAAGGGCAGATTCACCATCTCCAGAGACAATTCCAAGAACACGCTGTATGTCCAAATGAGCAGTCTGAGAGCTGAGGACACGGCTGTGTATTACTGTTGGCCCCAGTTTATCCAGTCATAACCACTACTAGATAAAGCTTTCGCACAGTAATATAGGAGTCTGCGTAGTGGGAGCTACTACCACTACCACTAATAAACTGGGGCCAGGGCACCCTGGTCACCGTCTCCTCAGNNNNNN,,IGHV3-64*03:1.0,IGHD1-26*01:1.0,IGHJ1*01:0.999999943377;IGHJ6*03:5.66233690264e-08,8,4,0,16,0,0,TGGCCCCAGTTTATCCAGTCATAACCACTACTAGATAAAGCTTTCGCACAGTAATATAGGAGTCTGCG,CACTACCACTAATAA,,NNNNNN,True,False,True,None,None,None,None,None,None,None,None,"{'j': 389, 'v': 285}",None,None,CCCTGGCCCCAGTTTATCCAGTCATAACCACTACTAGATAAAGCTTTCGCACAGTAATATAGGAGTCTGCGTAGTGTGTGCTACCACCACTACCACTAATAAATGAG
SRR4026019ccc29c0c0c0cs0.979049,False,IGHV3-64*03,IGHD2-15*01,IGHJ3*02,67,0.6055045871559633,198,NNNNNNNNNNNNNNNNNNNNNNNNNNNNNNNNNNNNNNNNNNNNNNNNNNNNNNNNGACAGATGGTGCAGCCACAGTTCGTTTGATATCCACTTTGGTCCCAGGGCCGAAATCCCTACGCTGCTGACAGTAATAAACTGCAAAATCTTCAGGCTCTAGGCTGCTGATGGTGAGGGTGAAGTCTGTCCCAGACCCACTGCCACTGAACCTGGCTGGGATGCCAGTGGCCCTGTTGGATGCATCATAGATGAGGAGCCTGGGAGCCTGGCCAGGTTTCTGTTGGTACCAGGCTAAGTAGCTGCTAACACTCTGACTGGCCCTGCAGGAGAGGGTGGCTCTTTCCCCTGGAGACAAAGACAGGGGGGGTGGAGACTGTGTCAACACAATGTGGCCGGTGGGATCTGGGAGCAAGAGGAGCAGGAGGAAGAGAAGCTGA,,False,,,GAGGTGCAGCTGGTGGAGTCTGGGGGAGGCTTGGTCCAGCCTGGGGGGTCCCTGAGACTCTCCTGTTCAGCCTCTGGATTCACCTTCAGTAGCTATGCTATGCACTGGGTCCGCCAGGCTCCAGGGAAGGGACTGGAATATGTTTCAGCTATTAGTAGTAATGGGGGTAGCACATACTACGCAGACTCAGTGAAGGGCAGATTCACCATCTCCAGAGACAATTCCAAGAACACGCTGTATGTCCAAATGAGCAGTCTGAGAGCTGAGGACACGGCTGTGTATTACTGTGTGAAAGAGCTGCTAACACTCTGACTGGCCCTGCAGGAGAGGGTAGCTGCTACTCCTGGACTGGGGCCAAGGGACAATGGTCACCGTCTCTTCAGNNNNNNNNNNNNNNNNNNNNNNNNNNNNNNNNNNNNNNNNNNNNNNNNNNNN,,IGHV3-64*03:1.0,IGHD2-15*01:0.99932051182;IGHD2-2*01:0.000679488180361,IGHJ3*02:0.99999301832;IGHJ6*01:6.98168000536e-06,0,17,0,15,0,0,GCTGCTAACACTCTGACTGGCCCTGCAGGAGAGG,TGGA,,NNNNNNNNNNNNNNNNNNNNNNNNNNNNNNNNNNNNNNNNNNNNNNNNNNNN,True,False,True,None,None,None,None,None,None,None,None,"{'j': 349, 'v': 285}",None,None,CAGGCTAAGTAGCTGCTAACACTCTGACTGGCCCTGCAGGAGAGGGTGGCTCTTTCCCCTGGAGACA
SRR4026019ccc40c0c0c0cs0.625474,False,IGHV3-64*03,IGHD2-2*01,IGHJ1*01,50,0.48366013071895425,74,NNNNNNNNNNNNNNNNNNNNNNNNNNNNNNNNNNNNNNNNNNNNNNNNNNNNNNNNNNNNNNNNNNNNNNNNNNNNNNNNNNNNNNNNNNNNNNNNNNNNNNNNNNNNNNNNNNNNNNNNNNNNNNNNNNNNNNNNNNNNNNNNNNNNNNNNNNNNNNNNNNNNNNNNNNNNNNNNNNNNNNNNNNNNNNNNNNNNNNNNNNNNNNNNNNNNNGAATTCTCACAGGAGACGAGGGGGAAAAGGGTTGGGGCGGATACACTCCCTGAGGAGACGGTGACCGTGGTCCCTTGGCCCCAGACGTCCATACCGTAGTAGTAGTACGGAGATTGGAACCACTCCAAAAAACCAGAACCCGCTCTCGCACAGTAATACACGGCCGTGTCCTCAG,,False,,,GAGGTGCAGCTGGTGGAGTCTGGGGGAGGCTTGGTCCAGCCTGGGGGGTCCCTGAGACTCTCCTGTTCAGCCTCTGGATTCACCTTCAGTAGCTATGCTATGCACTGGGTCCGCCAGGCTCCAGGGAAGGGACTGGAATATGTTTCAGCTATTAGTAGTAATGGGGGTAGCACATACTACGCAGACTCAGTGAAGGGCAGATTCACCATCTCCAGAGACAATTCCAAGAACACGCTGTATGTCCAAATGAGCAGTCTGAGAGCTGAGGACACGGCTGTGTATTACTGTTGGCCCCAGACGTCCATACCGTAGTAGTAGTACGGAGATTGGACTGGGGCCAGGGCACCCTGGTCACCGTCTCCTCAGNNNNNNNNNNNNNNNNNNNNNN,,IGHV3-64*03:1.0,IGHD2-2*01:0.999870457112;IGHD2-15*01:0.000129542887858,IGHJ1*01:0.999999473037;IGHJ6*01:5.26963512543e-07,8,8,13,16,0,0,TGGCCCCAGACGTCCATACCGTA,GGAGATTGG,,NNNNNNNNNNNNNNNNNNNNNN,True,False,True,None,None,None,None,None,None,None,None,"{'j': 332, 'v': 285}",None,None,CCTTGGCCCCAGACGTCCATACCGTAGTAGTAGTACGGAGATTGGAACCA
SRR4026019ccc49c0c0c0cs0.968191,False,IGHV3-64*03,IGHD3-16*02,IGHJ2*01,51,0.6294277929155313,231,ACCACTGCTGTCTGTTGAGTAACAGTAGTAGTCAGCTTCATCCTCCACCTGGGCCCCACTGATAGTCAAGGTGGCCATTGTCCCTGAGCTGGAGCCAGAGAATCTCTCAGGGATCCCGGAGGGTCGTTTGCTGTCCTCATAGATGACCAGCACAGGGGCCTGGCCTGACTTCTGCTGGTACCAATAAGCATATTTTTTTGGCAATGCATCTCCAGAGCAGGTGATCCTGGCCGTTTGTCCTGGGGACACTGACACCGAGGGGGGCTGTGTCAGCTCATAGGAGGCCTCAGAGACTGTGCAGAAAGTGAGGAGGGGGAGCAGGAGAGGGGTCCAGGCCATGGTGAGATTCCCAGAGCTCTGCCTCCTGAG,,False,,,NNGAGGTGCAGCTGGTGGAGTCTGGGGGAGGCTTGGTCCAGCCTGGGGGGTCCCTGAGACTCTCCTGTTCAGCCTCTGGATTCACCTTCAGTAGCTATGCTATGCACTGGGTCCGCCAGGCTCCAGGGAAGGGACTGGAATATGTTTCAGCTATTAGTAGTAATGGGGGTAGCACATACTACGCAGACTCAGTGAAGGGCAGATTCACCATCTCCAGAGACAATTCCAAGAACACGCTGTATGTCCAAATGAGCAGTCTGAGAGCTGAGGACACGGCTGTGTATTACTGTAGACTGTGCAGAAAGTGAGGAGGGGGAGCAGGAGAGGGGTCTCTCTGGGGCCGTGGCACCCTGGTCACTGTCTCCTCAG,,IGHV3-64*03:1.0,IGHD3-16*02:1.0,IGHJ2*01:1.0,8,17,13,15,0,0,AGACTGTGCAGAAAGTGAGGA,CAGGAGAGGGGTC,NN,,True,True,True,None,None,None,None,None,None,None,None,"{'j': 335, 'v': 287}",None,None,CAGAGACTGTGCAGAAAGTGAGGAGGGGGAGCAGGAGAGGGGTCCAGGCCA
SRR4026019ccc151c0c0c0cs0.984078,False,IGHV3-64*03,IGHD2-2*01,IGHJ1*01,70,0.4228855721393035,85,NNNNNNNNNNNNNNNNNNNNNNNNNNNNNNNNNNNNNNNNNNNNNNNNNNNNNNNNNNNNNNNNNNNNNNNNNNNNNNNNNNNNNNNNNNNNNNNNNNNNNNNNNNNNNNNNNNNNNNNNNNNNNNNNNNNNNNNNNNNNNNNNNNNNNNNNNNNNNNNNNNNNNNNNNNNNNNNNNNNNNNNNNAGCCAATACCATCAGCTTTACCGTCTTTCCAGAAATTGTTCCAAGTATCGGCAACAGCTTTATCAATACCATGAAAAATATCAACCACACCAGAAGCAGCATCAGTGACGACATTAGAAATATCCTTTGCAGTAGCGCCAATATGAGAAGAGCCATACCGCTGATTCTGCGTTTGCTGATGAACTAAGTCAACCTCAGCACTAACCTTGCGAGTCATTTCTTTGATTTGGTCATT,NNNNNNNNNNNNNNNNNNNNNNNNNNNNNNNNNNNNNNNNNNNNNNNNNNNNNNNNNNNNNNNNNNNNNNNNNNNNNNNNNNNNNNNNNNNNNNNNNNNNNNNNNNNNNNNNNNNNNNNNNNNNNNNNNNNNNNNNNNNNNNNNNNNNNNNNNNNNNNNNNNNNNNNNNNNNNNNNNNNNNNNNNAGCCAATACCATCAGCTTTACCGTCTCCAGAAATTGTTCCAAGTATCGGCAACAGCTTTATCAATACCATGAAAAATATCAACCACACCAGAAGCAGCATCAGTGACGACATTAGAAATATCCTTTGCAGTAGCGCCAATATGAGAAGAGCCATACCGCTGATTCTGCGTTTGCTGATGAACTAAGTCAACCTCAGCACTAACCTTGCGAGTCATTTCTTTGATTTGGTCATT,True,NNNNNNNNNNNNNNNNNNNNNNNNNNNNNNNNNNNNNNNNNNNNNNNNNNNNNNNNNNNNNNNNNNNNNNNNNNNNNNNNNNNNNNNNNNNNNNNNNNNNNNNNNNNNNNNNNNNNNNNNNNNNNNNNNNNNNNNNNNNNNNNNNNNNNNNNNNNNNNNNNNNNNNNNNNNNNNNNNNNNNNNNNAGCCAATACCATCAGCTTTACCGTCTTTCCAGAAATTGTTCCAAGTATCGGCAACAGCTTTATCAATACCATGAAAAATATCAACCACACCAGAAGCAGCATCAGTGACGACATTAGAAATATCCTTTGCAGTAGCGCCAATATGAGAAGAGCCATACCGCTGATTCTGCGTTTGCTGATGAACTAAGTCAACCTCAGCACTAACCTTGCGAGTCATTTCTTTGATTTGGTCATT,GAGGTGCAGCTGGTGGAGTCTGGGGGAGGCTTGGTCCAGCCTGGGGGGTCCCTGAGACTCTCCTGTTCAGCCTCTGGATTCACCTTCAGTAGCTATGCTATGCACTGGGTCCGCCAGGCTCCAGGGAAGGGACTGGAATATGTTTCAGCTATTAGTAGTAATGGGGGTAGCACATACTACGCAGACTCAGTGAAGGGCAGATTCACCATC..TCCAGAGACAATTCCAAGAACACGCTGTATGTCCAAATGAGCAGTCTGAGAGCTGAGGACACGGCTGTGTATTACTGTTGACGACATTAGAAATATCCTTTGTAGTAGCGCCAATATGAGAAGAGCCATACCGCTGATTCACTGGGGCCAGGGCACCCTGGTCACCGTCTCCTCAGNNNNNNNNNNNNNNNNNNNNNNNNNNNNNNNN,GAGGTGCAGCTGGTGGAGTCTGGGGGAGGCTTGGTCCAGCCTGGGGGGTCCCTGAGACTCTCCTGTTCAGCCTCTGGATTCACCTTCAGTAGCTATGCTATGCACTGGGTCCGCCAGGCTCCAGGGAAGGGACTGGAATATGTTTCAGCTATTAGTAGTAATGGGGGTAGCACATACTACGCAGACTCAGTGAAGGGCAGATTCACCATCTCCAGAGACAATTCCAAGAACACGCTGTATGTCCAAATGAGCAGTCTGAGAGCTGAGGACACGGCTGTGTATTACTGTTGACGACATTAGAAATATCCTTTGTAGTAGCGCCAATATGAGAAGAGCCATACCGCTGATTCACTGGGGCCAGGGCACCCTGGTCACCGTCTCCTCAGNNNNNNNNNNNNNNNNNNNNNNNNNNNNNNNN,,IGHV3-64*03:1.0,IGHD2-2*01:0.773913422867;IGHD6-13*01:0.226086577133,IGHJ1*01:0.999999947632;IGHJ2*01:5.23682129716e-08,8,6,16,15,0,0,TGACGACATTAGAAATATCCT,CGCCAATATGAGAAGAGCCATACCGCTGATT,,NNNNNNNNNNNNNNNNNNNNNNNNNNNNNNNN,True,False,True,None,None,None,None,None,None,None,None,"{'j': 352, 'v': 285}",None,None,CAGTGACGACATTAGAAATATCCTTTGCAGTAGCGCCAATATGAGAAGAGCCATACCGCTGATTCTGCGT
SRR4026019ccc192c0c0c0cs0.807773,False,IGHV3-64*03,IGHD6-13*01,IGHJ1*01,90,0.5276967930029155,181,NNNNNNNNNNNNNNNNNNNNNNNNNNNNNNNNNNNNNNNNNNNNNNNNNNNNNNNNNNNNNNNAGGGCGGGAACAGAGTGACCGAGGGGGCAGCCTTGGGCTGACCTAGGACGGTCAGCTTGGTCCCTCCGCCGAATCCCACACCATTCAGGCTGCCATCCCATGCTGCACAGTAATAATCAGCCTCATCCTCAGACTGGAGCCCACTGATGGCCAGGGAGGCTGAGGTGCCAGACTGGGAGCCAGAGAATCGGTCAGGGACCCCCGAGGGCCGCTGAGTATTACTATAGATGAGGAGTTTGGGGGCCGTTCCTGGGAGCTGCTGGTACCGGTTTACAGGATTCCCCCCGATGCTGGAGCTGCTTCCAGAACAAGAGATGGTGACCCTCTGCCCGGGGGTCCCAGACGCTGAGGGTGGCGCAGTCAGCACCGACTGGGCCCAGGACCCGGCACAGGGAGTGAGGAGGG,,False,,,GAGGTGCAGCTGGTGGAGTCTGGGGGAGGCTTGGTCCAGCCTGGGGGGTCCCTGAGACTCTCCTGTTCAGCCTCTGGATTCACCTTCAGTAGCTATGCTATGCACTGGGTCCGCCAGGCTCCAGGGAAGGGACTGGAATATGTTTCAGCTATTAGTAGTAATGGGGGTAGCACATACTACGCAGACTCAGTGAAGGGCAGATTCACCATCTCCAGAGACAATTCCAAGAACACGCTGTATGTCCAAATGAGCAGTCTGAGAGCTGAGGACACGGCTGTGTATTACTGTAGATGAGGAGTTTGGGGGCCGTTCCTGGGAGCAGCTGGTACCGGTTTACAGGATTCCCCCCGATGCTGGAGCTACTTCCAGCACTGGGGCCAGGGCACCCTGGTCACCGTCTCCTCAGNNNNNNNNNNNNNNNNNNNNNNNNNNNNNNNNNNNNNNNNNNNNNNNNNNNNNNNNNNNNNN,,IGHV3-64*03:1.0,IGHD6-13*01:0.911443355204;IGHD1-26*01:0.0839631026013;IGHD2-15*01:0.00427305679254;IGHD3-16*02:0.000320485401627,IGHJ1*01:1.0,8,9,0,6,0,0,AGATGAGGAGTTTGGGGGCCGTTCCTGGG,CGGTTTACAGGATTCCCCCCGATGCTGGAGC,,NNNNNNNNNNNNNNNNNNNNNNNNNNNNNNNNNNNNNNNNNNNNNNNNNNNNNNNNNNNNNN,True,True,True,None,None,None,None,None,None,None,None,"{'j': 372, 'v': 285}",None,None,TATAGATGAGGAGTTTGGGGGCCGTTCCTGGGAGCTGCTGGTACCGGTTTACAGGATTCCCCCCGATGCTGGAGCTGCTTCCAGAACAAG
SRR4026019ccc213c0c0c0cs0.998105,False,IGHV3-64*03,IGHD2-15*01,IGHJ3*02,122,0.5390428211586902,214,NNNNNNNNNNNNNNNNNNNNNNNNNNNNNNNNNNNNNNNNNGACAGATGGTGCAGCCACAGTTCGTTTGATATCCACTTTGGTCCCAGGGCCGAAAGTGAACGGAGGTGAGCTACCATACTGCTGACAGTAATACACTGCAAAATCTTCAGGCTCCAGTCTGCTGATGGTGAGAGTGAAGTCTGTCCCAGACCCACTGCCACTGAACCTGTCTGGGATGCCAGTGGCCCTGCTGGATGCACCATAGATGAGGAGCCTGGGAGCCTGGCCAGGTTTCTGCTGGTACCAGGCTAAGTAGCTGCTGCTAACACTCTGACTGGCCCTGCAGGAGAGGGTGGCTCTTTCCCCTGGAGACAAAGACAGGGTGCCTGGAGACTGCGTCAACACAATTTCTCCGGTGGTATCTGGGAGCCAGAGTAGCAGGAGGAAGAGAAGCTGC,,False,,,GAGGTGCAGCTGGTGGAGTCTGGGGGAGGCTTGGTCCAGCCTGGGGGGTCCCTGAGACTCTCCTGTTCAGCCTCTGGATTCACCTTCAGTAGCTATGCTATGCACTGGGTCCGCCAGGCTCCAGGGAAGGGACTGGAATATGTTTCAGCTATTAGTAGTAATGGGGGTAGCACATACTACGCAGACTCAGTGAAGGGCAGATTCACCATCTCCAGAGACAATTCCAAGAACACGCTGTATGTCCAAATGAGCAGTCTGAGAGCTGAGGACACGGCTGTGTATTACTGTGTGAAAGAGCTGCTGCTAACACTCTGACTGGCCCTGCAGGAGAGGGTAGCTGCTACTCCTGGAGACAAAGACAGGGTGCCTGGAGACTGCGTCAACACAATTTCTCCGGTGATATCTGGGGCCAAGGGACAATGGTCACCGTCTCTTCAG,,IGHV3-64*03:1.0,IGHD2-15*01:0.993989155248;IGHD2-2*01:0.00601084475186,IGHJ3*02:0.999997031014;IGHJ2*01:2.96898632242e-06,0,17,0,9,0,0,GCTGCTGCTAACACTCTGACTGGCCCTGCAGGAGAGG,TGGAGACAAAGACAGGGTGCCTGGAGACTGCGTCAACACAATTTCTCCGG,,,True,False,True,None,None,None,None,None,None,None,None,"{'j': 404, 'v': 285}",None,None,CAGGCTAAGTAGCTGCTGCTAACACTCTGACTGGCCCTGCAGGAGAGGGTGGCTCTTTCCCCTGGAGACAAAGACAGGGTGCCTGGAGACTGCGTCAACACAATTTCTCCGGTGGTATCTGG
SRR4026019ccc200c0c0c0cs0.987800,False,IGHV3-64*03,IGHD2-2*01,IGHJ6*03,149,0.25769230769230766,67,NNNNNNNNNNNNNNNNNNNNNNNNNNNNNNNNNNNNNNNNNNNNNNNNNNNNNNNNNNNNNNNNNNNNNNNNNNNNNNNNNNNNNNNNNNNNNNNNNNNNNNNNNNNNNNNNNNNNNNNNNNNNNNNNNNNNNNNNNNNNNNNNNNNNNNNNNNNNNNNNNNNNNNNNNNNNNNNNNNNNNNNNNNNNNNNNNNNNNNNNNNNNGCTGGGTTACGACGCGACGCCGTTCAACCAGATATTGAAGCAGAACGCAAAAAGAGAGATGAGATTGAGGCTGGGAAAAGTTACTGTAGCCGACGTTTTGGCGGCGCAACCTGTGACGACAAATCTGCTCAAATTTATGCGCGCTTCGATAAAAATGACTGGCGTATCCAACCTGCAGAGTTTTATCGCTTCCATGACGCAGAAGTTAACACTTTCGGATATTTCTGATGAGTCGAAAAATTATCTTGATAAAGCAGGAATTACTACTGCTTGTTTACGAATTAAATCGAAGTGGACTGCTGGCGGAAAATGAGAAAATTC,NNNNNNNNNNNNNNNNNNNNNNNNNNNNNNNNNNNNNNNNNNNNNNNNNNNNNNNNNNNNNNNNNNNNNNNNNNNNNNNNNNNNNNNNNNNNNNNNNNNNNNNNNNNNNNNNNNNNNNNNNNNNNNNNNNNNNNNNNNNNNNNNNNNNNNNNNNNNNNNNNNNNNNNNNNNNNNNNNNNNNNNNNNNNNNNNNNNNNNNNNNNNGCTGGGTTACGACGCGACGCCGTTCAACCAGATATTGAAGCAGAACGCAAAAAGAGAGATGAGATTGAGGCTGGGAATTACTGTAGCCGACGTTTTGGCGGCGCAACCTGTGACGACAAATCTGCTCAAATTTATGCGCGCTTCGATAAAAATGACTGGCGTATCCAACCTGCAGAGTTTTATCGCTTCCATGACGCAGAAGTTAACACTTTCGGATATTTCTGATGAGTCGAAAAATTATCTTGATAAAGCAGGAATTACTACTGCTTGTTTACGAATTAAATCGAAGTGGACTGCTGGCGGAAAATGAGAAAATTC,True,NNNNNNNNNNNNNNNNNNNNNNNNNNNNNNNNNNNNNNNNNNNNNNNNNNNNNNNNNNNNNNNNNNNNNNNNNNNNNNNNNNNNNNNNNNNNNNNNNNNNNNNNNNNNNNNNNNNNNNNNNNNNNNNNNNNNNNNNNNNNNNNNNNNNNNNNNNNNNNNNNNNNNNNNNNNNNNNNNNNNNNNNNNNNNNNNNNNNNNNNNNNNGCTGGGTTACGACGCGACGCCGTTCAACCAGATATTGAAGCAGAACGCAAAAAGAGAGATGAGATTGAGGCTGGGAAAAGTTACTGTAGCCGACGTTTTGGCGGCGCAACCTGTGACGACAAATCTGCTCAAATTTATGCGCGCTTCGATAAAAATGACTGGCGTATCCAACCTGCAGAGTTTTATCGCTTCCATGACGCAGAAGTTAACACTTTCGGATATTTCTGATGAGTCGAAAAATTATCTTGATAAAGCAGGAATTACTACTGCTTGTTTACGAATTAAATCGAAGTGGACTGCTGGCGGAAAATGAGAAAATTC,GAGGTGCAGCTGGTGGAGTCTGGGGGAGGCTTGGTCCAGCCTGGGGGGTCCCTGAGACTCTCCTGTTCAGCCTCTGGATTCACCTTCAGTAGCTATGCTATGCACTGGGTCCGCCAGGCTCCAGGGAAGGGACTGGAATATGTTTCAGCTATTAGTAGTAATGGGGGTAGCACATACTACGCAGACTCAGTGAAGGGCAGATTCACCATCTCCAGAGACAATTCCAAGAACACGCTGTATGTCCAAATGAGCAGTCTGAGAGCTGAGGACACGGCTGTGTA...TTACTGTAGCCGACGTTTTGGCGGCGCAACCTGTGACGACAAATCTGCTCAAATTTATGCGCGCTTCGATAAAAATGACTGGCGTATCCAACCTGCAGAGTTTTATCGCTTCCATGACGCAGAAGTTAACACTTTCGGATATTTCTGATCTGGGGCAAAGGGACCACGGTCACCGTCTCCTCANNNNNNNNNNNNNNNNNNNNNNNNNNNNNNNNNNNNNNNNNNNNNNNNNNNNNNNNNN,GAGGTGCAGCTGGTGGAGTCTGGGGGAGGCTTGGTCCAGCCTGGGGGGTCCCTGAGACTCTCCTGTTCAGCCTCTGGATTCACCTTCAGTAGCTATGCTATGCACTGGGTCCGCCAGGCTCCAGGGAAGGGACTGGAATATGTTTCAGCTATTAGTAGTAATGGGGGTAGCACATACTACGCAGACTCAGTGAAGGGCAGATTCACCATCTCCAGAGACAATTCCAAGAACACGCTGTATGTCCAAATGAGCAGTCTGAGAGCTGAGGACACGGCTGTGTATTACTGTAGCCGACGTTTTGGCGGCGCAACCTGTGACGACAAATCTGCTCAAATTTATGCGCGCTTCGATAAAAATGACTGGCGTATCCAACCTGCAGAGTTTTATCGCTTCCATGACGCAGAAGTTAACACTTTCGGATATTTCTGATCTGGGGCAAAGGGACCACGGTCACCGTCTCCTCANNNNNNNNNNNNNNNNNNNNNNNNNNNNNNNNNNNNNNNNNNNNNNNNNNNNNNNNNN,,IGHV3-64*03:1.0,IGHD2-2*01:0.995280933322;IGHD2-15*01:0.0047190666781,IGHJ6*03:1.0,8,1,23,27,0,0,AGCCGACGTTTTGGCGGCGCAACCTGTGACGACAAATCTGCTCAAATTTATGCGCGCTTCGATAAAAATGACTGGCGTATCCAACCTGCAGAGTTTTATCGCTTCCATGACGCAGAAGTTAACACTTTC,TCTGA,,NNNNNNNNNNNNNNNNNNNNNNNNNNNNNNNNNNNNNNNNNNNNNNNNNNNNNNNNNN,True,False,True,None,None,None,None,None,None,None,None,"{'j': 431, 'v': 285}",None,None,TGTAGCCGACGTTTTGGCGGCGCAACCTGTGACGACAAATCTGCTCAAATTTATGCGCGCTTCGATAAAAATGACTGGCGTATCCAACCTGCAGAGTTTTATCGCTTCCATGACGCAGAAGTTAACACTTTCGGATATTTCTGATGAGT
SRR4026019ccc92c0c0c0cs0.922410,False,IGHV3-64*03,IGHD6-13*01,IGHJ1*01,53,0.44871794871794873,70,NNNNNNNNNNNNNNNNNNNNNNNNNNNNNNNNNNNNNNNNNNNNNNNNNNNNNNNNNNNNNNNNNNNNNNNNNNNNNNNNNNNNNNNNNNNNNNNNNNNNNNNNNNNNNNNNNNNNNNNNNNNNNNNNNNNNNNNNNNNNNNNNNNNNNNNNNNNNNNNNNNNNNNNNNNNNNNNNNNNNNNNNNNNNNNNNNNNNNNNNNNNNNNNNNNNNNTGTCTGCACCCTGATATGATGGGGAACACATCCGGAGCCTTGGTGGGTGCTGAGGAGACGGTGACCGTGGTCCCTTGGCCCCAGACGTCCATAGCGTAGTAGTAGTATTTAGCAGCTGGCACTATCACAATATCCCCCCCTCCTCTCGCACAGTAATACACGGCCGTGTCCTCAG,,False,,,GAGGTGCAGCTGGTGGAGTCTGGGGGAGGCTTGGTCCAGCCTGGGGGGTCCCTGAGACTCTCCTGTTCAGCCTCTGGATTCACCTTCAGTAGCTATGCTATGCACTGGGTCCGCCAGGCTCCAGGGAAGGGACTGGAATATGTTTCAGCTATTAGTAGTAATGGGGGTAGCACATACTACGCAGACTCAGTGAAGGGCAGATTCACCATCTCCAGAGACAATTCCAAGAACACGCTGTATGTCCAAATGAGCAGTCTGAGAGCTGAGGACACGGCTGTGTATTACTGTTGGCCCCAGACGTCCATAGCGTAGTAGTAGTATTTAGCAGCTGGCACTGGGGCCAGGGCACCCTGGTCACCGTCTCCTCAGNNNNNNNNNNNNNNNNNNN,,IGHV3-64*03:1.0,IGHD6-13*01:0.874179091618;IGHD2-2*01:0.0721212164329;IGHD2-15*01:0.0536996919491,IGHJ1*01:0.923786121785;IGHJ6*01:0.0762138782153,8,9,3,15,0,0,TGGCCCCAGACGTCCATAGCGTAGTAGTAGTATTT,,,NNNNNNNNNNNNNNNNNNN,True,False,True,None,None,None,None,None,None,None,None,"{'j': 335, 'v': 285}",None,None,CCTTGGCCCCAGACGTCCATAGCGTAGTAGTAGTATTTAGCAGCTGGCACTAT
SRR4026019ccc121c0c0c0cs0.985676,False,IGHV3-64*03,IGHD3-16*02,IGHJ6*04,84,0.46332046332046334,120,NNNNNNNNNNNNNNNNNNNNNNNNNNNNNNNNNNNNNNNNNNNNNNNNNNNNNNNNNNNNNNNNNNNNNNNNNNNNNNNNNNNNNNNNNNNNNNNNNNNNNNNNNNNNNNNNNNNNNNNNNNNNNNNNNNNNNNNNNNNNNGGAGGCGGCTTTTTGACCGCCTCCAAACAATTTAGACATGGCGCCACCAGCAAGAGCAGAAGCAATACCGCCAGCAATAGCACCAAACATAAATCACCTCACTTAAGTGGCTGGAGACAAATAATCTCTTTAATAACCTGATTCAGCGAAACCAATCCGCGGCATTTAGTAGCGGTAAAGTTAGACCAAACCATGAAACCAACATAAACATTATTGCCCGGCGTACGGGGAAGGACGTCAATAGTCACACAGTCCTTGACGGTATAATAACCA,,False,,,GAGGTGCAGCTGGTGGAGTCTGGGGGAGGCTTGGTCCAGCCTGGGGGGTCCCTGAGACTCTCCTGTTCAGCCTCTGGATTCACCTTCAGTAGCTATGCTATGCACTGGGTCCGCCAGGCTCCAGGGAAGGGACTGGAATATGTTTCAGCTATTAGTAGTAATGGGGGTAGCACATACTACGCAGACTCAGTGAAGGGCAGATTCACCATCTCCAGAGACAATTCCAAGAACACGCTGTATGTCCAAATGAGCAGTCTGAGAGCTGAGGACACGGCTGTGTATTACTGTGAAACCAATCCGCGGCATTTAGTAGCGGTAAAGTTATACCAAACCATGAAACCAACATAAACATTATTGCCCGGCGTCTGGGGCAAAGGGACCACGGTCACCGTCTCCTCAGNNNNNNNNNNNNNN,,IGHV3-64*03:1.0,IGHD3-16*02:0.813431916555;IGHD6-13*01:0.186568083445,IGHJ6*04:1.0,8,29,0,25,0,0,GAAACCAATCCGCGGCATTTAGTAGCGGTAAA,AAACCATGAAACCAACATAAACATTATTGCCCGG,,NNNNNNNNNNNNNN,True,True,True,None,None,None,None,None,None,None,None,"{'j': 366, 'v': 285}",None,None,AGCGAAACCAATCCGCGGCATTTAGTAGCGGTAAAGTTAGACCAAACCATGAAACCAACATAAACATTATTGCCCGGCGTACGG
SRR4026019ccc183c0c0c0cs0.941771,True,,,,,,,GAATTCTCACAGGAGACGAGGGGGAAAAGGGTTGGGGCGGATGCACTCCCTGAGGAGACGGTGACCGTGGTCCCTTGGCCCCAGACGTCCATACCGGTGAGACGGCGGTTCCAGCCAAAACTCACCATAGCAGCTGGTACTACCTCGCCTCTCGCACAGTAATACACAGCCGTGTCCGCGGCGGTCACAGAGCTCAGCTTCAGGGAGAACTGGTTCTTGGACGTGTCTACTGATATGGTGACTCGACTCTTGAGGGACGGGTTGTAGTTGGTGCTTCCACTATGATTGATTTCCCCACTCCACTCCAGCCCCTTCCCTGGGGGCTGGCGGATCCAGCTCCAGTAGTAACCACTGAAGGACCCACCATAGACAGCGCAGGTGAGGGACAGGGTCTCCGAAGGCTTCAACAGTCCTGCGCCCCACTGCTGTAGCTGCACCTGGGACAGGACCCATCTGGGAGCTGCCACCAGGAGGAGGAAGAACCACAGGTGTTTCATGTTCTTGTGCAGGAGGTCCATGACTCTCAGAAAGCACTCCCGTAAGTGAATATACTTGGTC,,,,,,,,,,,,,,,,,,,,,,,,,,,,,,,,,,
SRR4026019ccc143c0c0c0cs0.981820,True,,,,,,,GTGGATGCCTGACCGTACCGAGGCTAACCCTAATGAGCTTAATCAAGATGATGCTCGTTATGGTTTCCGTTGCTGCCATCTCAAAAACATTTGGACTGCTCCGCTTCCTCCTGAGACTGAGCTTTCTCGCCAAATGACGACTTCTACCACATCTATTGACATTATGGGTCTGCAAGCTGCTTATGCTAATTTGCATACTGACCAAGAACGTGATTACTTCATGCAGCGTTACCATGATGTTATTTCTTCATTTGGAGGTAAAACCTCTTATGACGCTGACAACCGTCCTTTACTTGTCATGCGCTCTAATCTCTGGGCATCTGGCTATGATGTTGATGGAACTGACCAAACGTCGTTAGGCCAGTTTTCTGGTCGTGTTCAACAGACCTATAAACATTCTGTGCCGCGTT,,,,,,,,,,,,,,,,,,,,,,,,,,,,,,,,,,
SRR4026019ccc141c0c0c0cs0.928088,True,,,,,,,AATCTCATCTCTCTTTTTGCGTTCTGCTTCAATATCTGGTTGAACGGCGTCGCGTCGTAACCCAGCTTGGTAAGTTGGATTAAGCACTCCGTGGACAGATTTGTCATTGTGAGCATTTTCATCCCGAAGTTGCGGCTCATTCTGATTCTGAACAGCTTCTTGGGAAGTAGCGACAGCTTGGTTTTTAGTGAGTTGTTCCATTCTTTAGCTCCTAGACCTTTAGCAGCAAGGTCCATATCTGACTTTTTGTTAACGTATTTAGCCACATAGAAACCAACAGCCATATAACTGGTAGCTTTAAGCGGCTCACCTTTAGCATCAACAGGCCACAACCAAACAGAACGTGAAAAAGCGTCCTGCGTGTAGCGAACTGCGATGCGCATACTGTAACCATAAGGCCACGTATTTTGCAAGCTATTTAACTGGCGG,,,,,,,,,,,,,,,,,,,,,,,,,,,,,,,,,,
SRR4026019ccc124c0c0c0cs0.985950,True,,,,,,,AGGAAAGGATACTCGTGATTATCTTGCTGCTGCATTTCCTGAGCTTAATGCTTGGGAGCGTGCTGGTGCTGATGCTTCCTCTGCTGGTATGGTTGACGCCGGATTTGAGAATCAAAAAGAGCTTACTAAAATGCAACTGGACAATCAGAAAGAGATTGCCGAGATGCAAAATGAGACTCAAAAAGAGATTGCTGGCATTCAGTCGGCGACTTCACGCCAGAATACGAAAGACCAGGTATATGCACAAAATGAGATGCTTGCTTATCAACAGAAGGAGTCTACTGCTCGCGTTGCGTCTATTATGGAAAACACCAATCTTTCCAAGCAACAGCAGGTTTCCGAGATTATGCGCCAAATGCTTACTCAAGCTCAAAC,,,,,,,,,,,,,,,,,,,,,,,,,,,,,,,,,,
SRR4026019ccc25c0c0c0cs0.764177,True,,,,,,,AGGGCGGGAACAGAGTGACCGAGGGGGCAGCCTTGGGCTGACCTAGGACGGTCAGCTTGGTCCCTCCGCCGAATACCTCATGATTACCACTGCTGTCCCGGGAGTTACAGTAATAGTCAGCCTCATCTTCCGCCAGAGCCCCAGTGATGGTCAAGGAAGCTGTGTTTCCTGAGCTGGAGCCAGAGAATCGGTCTGGGATCCCTGAGGGCCGGTTGTTTTTAGTATAGATGACAAGTATAGGGGCCTGTCCTGGCTTCTGCTGGTACCAACTTGCCTAATAGCTTCTCAGGCTCTCTCCTTGGCATCTGATCCTGACTTTCTGTCCCAAGGCGACAGACACAGCAGGGACCTGAGTCAGCTCAGAAGAAACCACAGAACGTATGCAAAGAGTGAGGAGAGTGAGGCAGAGAGGGGTGCAGGGGATGGTGGAGACACGCAAGAACTGTGCTTCTGAGCCCACCCCCGTAGCGTAAGGCGTAGATTC,,,,,,,,,,,,,,,,,,,,,,,,,,,,,,,,,,
SRR4026019ccc218c0c0c0cs0.977793,True,,,,,,,GAATTCTCACAGGAGACGAGGGGGAAAAAGGGTTGGGGCGGATGCACTCCCTGAGGAGACGGTGACCAGGGTTCCCTGGCCCCAGTAGTCAAAGTAGTACAGGATTTTGGCAGTCAAAATCCACGTCCCTCTCGCACAGTAATACACAGCCGTGTCCTCAGCTCTCAGGCTGTTCATTTGCAGATACAGCGTGTTCTTGGAATTGTCTCTGGAGATGGTGAATCGGCCCTTCACGGAGTCTGCATAGTATTTATTACTTCCATCATATGATATAACTGCCACCCACTCCAGCCCCTTGCCTGGAGCCTGGCGGACCCAGTGCATGCCATAGCTACTGAAGGTGAATCCAGAGGCTTCGCAGGAGAGTCTCAGGGACCTCCCAGGCTGGACCACGCCTCCCCCAGACTCCACCAGCTGCACCTGACACTGGACACCTCTTAAAAGAGCAACGAGGAAAACCCAGCTCAGCCCAAACTCCATGGTGAGTCCTCTGTGTTCAGTGCTGATCACCGAATGGAAACACCGCCGACTTCTAGTGCTGGGCTCCTCTCCCAGAGCTCCCCGTAAATGTTCTCTCTGGCGT,,,,,,,,,,,,,,,,,,,,,,,,,,,,,,,,,,
SRR4026019ccc62c0c0c0cs0.700773,True,,,,,,,GACAGATGGTGCAGCCACAGTTCGTTTGATATCCACTTTGGTCCCAGGGCCGAAAGTGAATGGAGAATAACTATTATACTGTTGGCAGTAATAAGTTGCAAAATCATCAGGCTGCAGGCTGCTGATGGTGAGAGTGAATTCTGTCCCAGCTCCACTGCCGCTGAACCTTGATGGGACCCCACTTTCTAAACTAGACGCCTTATAGATCAGGAGCTTAGGGGCTTTCCCTGGTTTCTGCTGCTACCAGGCCAACCAACTACTACTACCCTGACTGCGCCGGCAAGTGATGGTGCCCCTGTCTCCTACTGATGCAGGCAGGGTGGAAGGAGACTGGGTGAGCTGGATGGAAGATGTGGCAGGGGGGAGGGAGAGAAGCAGGAGGGAGAGGAGGGGGGCGGGGAGGGTCATGTCCATGCTGTGTGGGGACTGGGTGTGACTCCCGTACACATATTTGGTCCCTC,,,,,,,,,,,,,,,,,,,,,,,,,,,,,,,,,,
SRR4026019ccc205c0c0c0cs0.998226,True,,,,,,,AGGGTGGGAACAGAGTGACCGAGGGGGCAGCCTTGGGCTGACCTAGGACGGTCAGCTTGGTCCCTCCGCCGAATACTCTCTAAGTGGCACTGCTTGTATATGAGCAGCACTAATAATCAGCCTCGTCCTCAGCCTGGAGTCCAGAGATGGTCATGGAGGCCGTATTGCCAGACTTGGAGCCAGAGAAACGATCAGGGACCCCTGAGGGCCGAGTATTGACATTGTAGATCATGGGTTTGGGGACTGTGCCTGGGTGCTGTTGGTACCAGGAGACATAGTCATAACTCCCAACATCACTGCTGGTTCCAGTGCAGGAGATGGTGACTGACTGTCCAGGAGACCCGGACACGGAGGGAGGCTGAATCAGGGCAGACTGGGCCCAAGAGCCTGTGCCCTGAGTGAGGAGGTGAGGAGGAGCAGAGCCCAGGCCATGGTGGAGACGTCCCCAGAGCGCTGCCTCCTGAGACCCCCCCGTAACGCTACACAGTCTTAG,,,,,,,,,,,,,,,,,,,,,,,,,,,,,,,,,,
SRR4026019ccc115c0c0c0cs0.936461,True,,,,,,,GACAGATGGTGCAGCCACAGTTCGTTTGATCTCCACCTTGGTCCCTCCGCCGAAAGTGAGCGGAGTACTATAGTATTGCTGACAGTAATAAACTGCCACATCTTCAGCCTGCAGGCTGCTGATGGTGAGAGTGAAATCTGTCCCAGACCCGCTGCCACTGAATCGGTCAGGGACCCCGGATTCCCGGGTAGATGCCCAGTAAATGAGCAGCTTAGGAGGCTGTCCTGGTCTCTGCTGGTACCAAGCTAAGTAGTTCTTATTGTTGGGGCTGTATAAAATATTCTGGCTGGACTTGCAGTTGATGGTGGCCCTCTCGCCCAGAGACACAGGCAGAGGGACTGGAGACTGGGTCATCACGATGTCCCCGTAGGCACCAGAGATCCAGAGCAACAGAGAAATGAAGACCTGGGTCTGCAACACCATCTGGCTGCCCCTGCCTGCCTGTTGTCCCCGTAGCCATAGATACTTGCGC,,,,,,,,,,,,,,,,,,,,,,,,,,,,,,,,,,
SRR4026019ccc5c0c0c0cs0.612120,True,,,,,,,GACAGATGGTGCAGCCACAGTTCGTTTGATCTCCACCTTGGTCCCCCCGCCGAAAGTGAGAGGAGTTTGTAGAGCTTGCATGCAGTAATAAACCCCAACATCCTCAGCTTCCACTCTGCTGATTTTCAGTGTAAAATCTGTGCCTGATCCACTGCCACTGAACCTGTCAGGGACCCCGGAGGCCCGACTAGCACCCAAATAGATCAGGAGCTGTGGAGACTGCCCTCGCTTTTGCAGGTACCAATCCAACTCGTTGTTTCCATTACTAAGCAGGAGCCTCTGACTCGCCCTGCAGGCCATGGCTGCCGCCCCTCCCGCGTCTCCGCAGGGGGAGAGGGGAGACGGAGGAAACAGAAGAGGGGCAGAGGAGGGAGAGAGGGAGAGGAGAAGGAGCGAGAGGAGGGGAGGAGGGAGGGGGAGTGTGAGAAGGGGAAGGGAGGAGGGGAGAGCCCCGGAAAGTGTCCTTTTCATGG,,,,,,,,,,,,,,,,,,,,,,,,,,,,,,,,,,
SRR4026019ccc181c0c0c0cs0.987772,True,,,,,,,GACAGATGGTGCAGCCACAGTTCGTTTGATTTCCACCTTGGTCCCTTGGCCGAACGTCCGAGGAGTACTATAATATTGCTGACAGTAATAAACTGCCACATCTTCAGCCTGCAGGCTGCTGATGGTGAGAGTGAAATCTGTCCCAGACCCGCTGCCACTGAATCGGTCAGGGACCCCGGATTCCCGGGTAGATGCCCAGTAAATGAGCAGCTTAGGAGGCTGTCCTGGTTTCTGCTGGTACCAAGCTAAGTAGTTCTTATTGTTGGAGCTGTATAAAACACTCTGGCTGGACTTGCAGTTGATGGTGGCCCTCTCGCCCAGAGACACAGCCAGGGAGTCTGGAGACTGGGTCATCACGATGTCCCCGTAGGCACCAGAGATCCAGAGCAACAGAGAAATGAAGACCTGGGTCTGCAACACCATCTTGCTGCCCCTGCCTGCCTGTTGTAGCTCCCCGTAACGTAAGAGCATAGAAT,,,,,,,,,,,,,,,,,,,,,,,,,,,,,,,,,,
SRR4026019ccc32c0c0c0cs0.673776,True,,,,,,,GACAGATGGTGCAGCCACAGTTCGTTTGATCTCCAGCTTGGTCCCCTGGCCAAAAGTGTAACGGTAATTGTAATCTTGTAGACAGTAATAAGTTGCAAAATCTTCAGGCTGCAGGCTGCTGATGGTGAGAGTGAAATCTGTGCCAGATCCACTGCCGCTGAACCTTGATGGGACCCCACTTTGTAAACTGGATGCAGCATAGATCAGGAGCTTAGGGGCTTTCCCTGGTTTCTGCTGATACCAGCCTACATCATTTCTAATGCCCTGACTTGCCCGGCAAGTGATGGTGACTCTGTCTCCTACCGATGCAGACAGGGCGGATGGAGACGGGGTAAGGTGGATGGGAGAGCGGGCACGTGGGAGCCAGAGCAGGAGGAGCCCGAGGAGCTGAGCGGGGACGCTAATGTCCATGGTGTGTCCTGAGTGGGTCTGCCCCGTATCTATTTGTTTTGCCGT,,,,,,,,,,,,,,,,,,,,,,,,,,,,,,,,,,
SRR4026019ccc195c0c0c0cs0.604664,True,,,,,,,GAATTCTCACAGGAGACGAGGGGGAAAAAGGGTTGGGGCGGATGCACTCCCTGGGGAGACGGTGCCCGTGGTCCCTTGGCCCCAGACGTCCATTCCGTCGTAGTAAGGCTTCCCTTCTCTCGCACAGTAATACACACCCTTGCCCTCGTCTCTCGGCCTGTTCATTTGCCGATACACTTGTTTCTTGGCATTGTCCCTGGAGTTGTTAAATCGGCCCTTCACAGAGTCTGCTTAGTATATGGTACTACTCCTACTCCTAATGTCTGAACCCCCCTCCACCCCCTTCCCTGGAGCCTGTCGGACCCAGTTCATGCTATAGCTCCTGACGGTGAGTGCAGAGGCTGCACAGAGGAGTCCCAGAGACTCTCCCGGCGGTACCAAGCATCCCCAAGACTCCACCAGCTGCAACTCACAGTGGACAGAAGCTAAAATAGCAAGAAGGAAAACCCAGCACAGCCCCAACTCAAGGGGGAGTCCTGTGTGTTAAGGGCTGATCACCAAGTGGAAATGCCTTGGAGTCGAGGGCTAAGGCACCTCTCTCCCGTAAGATCAAACCTAAGTCC,,,,,,,,,,,,,,,,,,,,,,,,,,,,,,,,,,
SRR4026019ccc44c0c0c0cs0.964683,True,,,,,,,GACAGATGGTGCAGCCACAGTTCGTTTGATCTCCACCTTGGTCCCTCCGCCGAAAGTGAGAGGCCAGTCGCTACGTTGCTGACAGTAATAAACTGCAAAATCTTCAGGCTCTAGGCTGCTGATGGTGAGAGTGAAGTCTGTCCCAGACCCACTGCCACTGAACCTGGCTGGGATGCCAGTGGCCCTGTTGGATGCATCATAGATGAGGAGCCTGGGAGCCTGGCCAGGTTTCTGTTGGTACCAGACTAAGTAGCTACTAACACTCTGACTGGCCCTGCAGGAGAGGGTGGCTCTTTCCCCTGGAGACAAAGACAGGGTGGCTGGAGACTGTGTCAACACGATTTCCCCGGTGGTATCGGGGAGCCAGAGTAGCAGGAGGAAGAGAAGCTGAGCTGGGGCTTCCATGGTTCCCTCTGGGTCGTAACTGAGCAGTTCCTCCCCGTAAGTCACACAATAGTCC,,,,,,,,,,,,,,,,,,,,,,,,,,,,,,,,,,
SRR4026019ccc22c0c0c0cs0.657972,True,,,,,,,GAATTCTCACAGGAGACGAGGGGGAAAAGGGTTGGGGCGGATGCACTCCCTGAAGAGACGGTGACCATTGTCCCTTGGCCCCAGATATCAAAAGCATCCCTGCAGCTACCACCACAATGTCTCGCACAGTAATACATGGCGGTGTCCGAGGCCTTCAGGCTGCTCCACTGCAGGTAGGCGGTGCTGATGGACTTGTCGGCTGAGATGGTGACCTGGCCTTGGAAGGACGGGCTGTATCTGGTATCCGAGTCACCAGGATAGATGATCCCCATCCACTCCAGGCCTTTCCCGGGCCTCTGGCCCCCCCACCCCCTCCACTCGCTGGCAAAGCTGTATCCAGAACCCTGACAGGAGATCGTGAGAGACGCGCCGGGCGGGAGTGACCGCAGCGCCAGACTGCAGCAGCTGCAGCGGGGCACAGAGGGCGTGGAGAACAGCGAGGAGGAGGGGGAGGAGGGCGGGTGACCGCAGGAGGGGGGAGGACAGAAAATGAAGCGCGGAGAGCGCAGCTGGGCCCCGTATAAGAAAGTTATACGAA,,,,,,,,,,,,,,,,,,,,,,,,,,,,,,,,,,
SRR4026019ccc65c0c0c0cs0.960856,True,,,,,,,GACAGATGGTGCAGCCACAGTTCGTTTGATCTCCAGCTTGGTCCCCTGGCCAAAAGTCCACGGGGGAGTTTGTAGAGCTTGCATGCAGTAATAAACCCCAACATCCTCAGCCTCCACTCTGCTGATTTTCAGTGTAAAATCTGTGCCTGATCCACTGCCACTGAACCTGTCAGGGACCCCGGAGGCCCGATTAGAACCCAAATAGATCAGGAGCTGTGGAGACTGCCCTGGCTTCTGCAGGTACCAATCCAAATAGTTGTATCCATTACTATGCAGGAGGCTCTGACTAGACCTGCAGGAGATGGAGGCCGGCTCTCCAGGGGTGACGGGCAGGGGGAGTGGAGACTGAGTCATCACAATGTCCCCACTGGATCCAGAGACCCAGAGCATGAGCAGCCGCAGGAGCTGAGCAGGGAGCCTCATTGTGAGAAGGTGAAGTGAGGAGTGCTGATCCCCGTAGTATTAAACCTTCATGC,,,,,,,,,,,,,,,,,,,,,,,,,,,,,,,,,,
SRR4026019ccc197c0c0c0cs0.761653,True,,,,,,,GAATTCTCACAGGAGACGAGGGGGAAAAGGGTTGGGGCGGATGCACTCCCTGCTGTCCTTGGTCCTGGCTGAGAGGAGGGCCCCACGGCCAGCACTGCTGACCCTGCCCTGGGCTCCGGTGATGCTGCCGGCCTGGACAAGCCCCTCCGTTCACCTGGGGCCTCTCCTCCTCCCTCGCTCTGCTGCCTCCTGAGCTCAGGTCGGTCGTGCCCATCCTGGCATCACCCCACGGCCGGCTCTGCCGCATCCCGTCATGGTCCTCGTCCTCCCAGCCCCGTCGTCCTGGAGGCCTCAGTCAGGCTCTCGTGTGTTCTCCCCTGTTTGCCTGGAAGCCCCTGCCCACGGTCCCCGTCGTCTCGCGCTGGGTGGGCATGGGTGCCTGAAGGCTGCCGACCTCCCCCGTGCTGGCTCCGCTTGGGCCTCCATGTGGGGCCGGCCTCGACCCCATGTCTCCCCAGCCTCGTGGAGCCTGTTCAGCATCTCAGGTCCAGGAGCGCCCACGGCTGCCCCCAGGCTCTGTCCCCGTAATATTATCTTGTTCGTT,,,,,,,,,,,,,,,,,,,,,,,,,,,,,,,,,,
SRR4026019ccc199c0c0c0cs0.998104,True,,,,,,,GACAGATGGTGCAGCCACAGTTCGTTTGATTTCCACCTTGGTCCCTTGGCCGAACGTCTGAGGGTAACTATAATACTGTTGACAGTAATAAGTTGCAAAATCTTCAGACTGCAGGCAGCTGATGGTGAGAGTGAAATCTGTCCCAGATCCACTGCCGCTGAACCTTGATGGGACCCCACTTTGCAAAGTGGATGCAGCATAGATCAGGAGCTTAGGGGCTTTCCCTGGTTTTTGCTGATACCAGGCTAAATAACTGCTAATACCCTGACTCGCCCGACAAGTGATGGTGACTCTGTCTCCTGTAGATGCAGAGAATGAGGATGGAGACTGGGTCATCCGGATGGCACATCTGGCACCTGGGAGCCAGAGCAGCAGGAGCCCCAGGAGCTGAGCGGGGACCCTCATGTCTATGCTGTGTCCTGACAGGGTCTGACTCCTCCCCGTACCCACTGGATTATAGCG,,,,,,,,,,,,,,,,,,,,,,,,,,,,,,,,,,
SRR4026019ccc9c0c0c0cs0.859404,True,,,,,,,GACAGATGGTGCAGCCACAGTTCGTTTGATTTCCACCTTGGTCCCTTGGCCGAACGTCCACGTCGGAGGGTAACTATTATGCTGTAGACAGTAATAAGTTGCAAAATCTTCAGGCTGCAGGCTGCTGATTGTGAGAGTGAATTCTGTCCCAGATCCACTGCCGCTGAACCTTGATGGGACCCCACTTTGCAAACTGGATGCAGCATAGATCAGGCGCTTAGGGGCTTTCCCTGGTTTCTGCTGATACCAGCCTAAATCATTTCTAATGCCCTGACTTGCCCGGCAAGTGATGGTGACTCTGTCTCCTACAGAGGCAGACAGGGAGGATGGAGACGGGGGCAGCTGGATGGAAGACCGGGCACGTGGGAACGAGAGCAGCAGGAGCCGCAGGAGCTGAGCGGGGACGCTGATGGCCATGCTGTGTGCGGAGTGGGACTGATTCCCCCGTACGCTTAGCATAACTTAA,,,,,,,,,,,,,,,,,,,,,,,,,,,,,,,,,,
SRR4026019ccc177c0c0c0cs0.996527,True,,,,,,,AGGGCGGGAACAGAGTGACCGAGGGGGCAGCCTTGGGCTGACCTAGGACGGTCAGCTTGGTCCCTCCGCCGAACACCCAATCGAAGTTGCTCCCACTGCCAAAATCTGCCCCACAGTGGTAGTCACTCTCATCCTCTTCCTGGATGTTCTTGATGGTCAGGTACCGATTCAGGCCTGAGCCCAAGACTGAGAAGCGATCAGGGATGCCATCCCCCTTGGATCCCACAATCCCACCAGTGCCCACTCGCATCACAAACCGGGGGCCCTTCCCTGGTCTCTGCTGGTACCAGTCCACTTTATAATTACTGTAGCCGCTGCTCAGGGTGCAGGTGAGTGTGACCGAGGCTCCCAGGGAGGCTGATGCAGAAGGTGGCTGAGTCAGCACAGGCTGGGAGAGGGACCCTGTGAGGAGACTGAGGAGGGTGAGGAGCAGAGGAGCCCAGGCCATGGTGGAGCTGCTGCAATGCTGGGTTCTTCAGTCTCTCCCCGTATCCTAAATCTGTCAAGT,,,,,,,,,,,,,,,,,,,,,,,,,,,,,,,,,,
SRR4026019ccc209c0c0c0cs0.877443,True,,,,,,,AGGGTGGGAACAGAGTGACAGTGGGGTTGGCCTTGGGCTGACCTAGGACGGTGACCTTGGTCCCAGTTCCGAAGACTCTCGTGCTGCTCCTTGTATATGAGCTGCAGTAATAATCAGCCTCGTCCTCAGCCTGGAGCCCAGAGATGGTCAGGGAGGCCGTGTTGCCAGACTTGGAGCCAGAGAAGCGATTAGAAACCCCTGAGGGCCGATTACTGACATCATAAATCATGACTTTGGGGGCTTTGCCTGGGTGCTGTTGGTACCAGGAGACATAGTCATATCCACCAACGTCACCGCTGGTTTCAGTGCAGCAAATGGTGATCGACTGTCCAGGAGACCCAGACACGGAGGCAGGCTGAGTCAGGGCAGACTGGGCCCGGTACCCTGTGCCCTGAGTGAGGAGGGTGAGGAATAGCAGAGCCCAGGCCATGGTGGAGACGTGCCGAGAGCGCTGCCTCCTGAGACCCCCCCCGTACAAATTCGAGCATTGGT,,,,,,,,,,,,,,,,,,,,,,,,,,,,,,,,,,
SRR4026019ccc46c0c0c0cs0.968119,True,,,,,,,GACAGATGGTGCAGCCACAGTTCGTTTGATATCCACTTTGGTCCCAGGGCCGAAAGTGAATCCCGGAGGCCAGTTATTATACTGCTGACAGTAATAAACTGCAAAATCTTCAGACTGCAGGCTGCTGATGGTGAGAGTGAACTCTGTCCCAGACCCACTGCCACTGAACCTGGCTGGGATACCAGTGGCCCTGGTGGATGCACCATAGATGAGGAGCCTGGGAGCCTGGCCAGGTTTCTGCTGGTACCAGGCTAAGTTGCTGCTAACACTCTGACTGGCCCTGCAGGAGAGGGTGGCTCTTTCCGCTGGAGACACAGACAGGGTGGCTGGAGACTGCGTCATCACTATTTCTCCAGTGGTATCTGGGAGCCAGAGTAGCAGGAGGAAGAGAAGCTGCGCTGGGGCTTCCATGGTTCCGTCTGGGTCCTAACTGAGCAGTTCCTCCCCCGTAACCTTTTCTACTTGTAT,,,,,,,,,,,,,,,,,,,,,,,,,,,,,,,,,,
SRR4026019ccc126c0c0c0cs0.997448,True,,,,,,,CCAGGGGGAAGACCTTGGGGCTGGTCGGGGATGCTGAGGAGACGGTGACCAGGGTTCCCTGGCCCCAGTAGTCAAAGTAGGACCAGCCACTGCTATACCCTTTTGCACAGTAATACAAGGCCGTGTCCTCAGCTCTCAGACTGTTCATTTGCAGATACAGGGAGTTCTTGGCGTTGTCTCTGGAGATGGTGAATCGGCCCTTCACAGAGTCCGCATAGCCTATGTCACCACTATTCCAACGAATACCTGAGACCCACTCCAGGCCCTTCCCTGGAGCTTGCCGGCCCCAGTGCATGGCATAATCATCAAAGGTGAATCCAGAGGCTGCACAGGAGAGTCTCAGGGACCTGCCAGGCTGTACCAAGCCTCCCCCAGACTCCACCAGCTGCACTTCACGCTGGACACCTTTTAAAATAGCCAAAAGGAAAATCCAGCTCAGTCCCAACTCCATGGTGAGTCCTCTGTGTTCAGTGCTGATCACTGAATGGAAACACCTGGGAATCTCAGGGCTGGGGCTCCTCTCCCAGAGCTCCCGTAACCTTTGGCGGTATTCG,,,,,,,,,,,,,,,,,,,,,,,,,,,,,,,,,,
SRR4026019ccc212c0c0c0cs0.999034,True,,,,,,,CTGCTGCATTTCCTGAGCTTAATGCTTGGGAGCGTGCTGGTGCTGATGCTTCCTCTGCTGGTATGGTTGACGCCGGATTTGAGAATCAAAAAGAGCTTACTAAAATGCAACTGGACAATCAGAAAGAGATTGCCGAGATGCAAAATGAGACTCAAAAAGAGATTGCTGGCATTCAGTCGGCGACTTCACGCCAGAATACGAAAGACCAGGTATATGCACAAAATGAGATGCTTGCTTATCAACAGAAGGAGTCTACTGCTCGCGTTGCGTCTATTATGGAAAACACCAATCTTTCCAAGCAACAGCAGGTTTCCGAGATTATGCGCCAAATGCTTACTCAAGCTCAAACGGCTGGTCAGTATTTT,,,,,,,,,,,,,,,,,,,,,,,,,,,,,,,,,,
SRR4026019ccc82c0c0c0cs0.964637,True,,,,,,,AGGGTGGGAACAGAGTGACCGAGGGGGCAGCCTTGGGCTGACCTAGGACGGTCAGCTTGGTCCCTCCGCCGAATACCACGGTGCTGCTGCTTGTATATGAGCTGCAGTAATAATCAGCCTCGTCCTCAGCCTGGAGCCCAGAGATGGTCAGGGAGGCCGTGTTGCCAGACTTGGAGCCAGAGAAGCGATTAGAAACCCCTGAGGGCCGATTACTGACATCATAAATCATGAGTTTGGGGGCTTTGCCTGGGTGCTGTTGGTACCAGGAGACATAGTTATAACCACCAACGTCACTGCTGGTTCCAGTGCAGGAGATGGTGATCGACTGTCCAGGAGACGCAGACACGGAGGCAGGCTGAGTCAGGGCAGACTGGGCCCAGGACCCTGTGCCCTGAGTGAGGAGGGTGAGGAATAGCAGAGCCCAGGCCATGGTGGAGACGTCCCGAGAGCGCTGCGTCCTGAGACCCCCCCCGTATAGGCTGTGAGATGGCT,,,,,,,,,,,,,,,,,,,,,,,,,,,,,,,,,,
SRR4026019ccc85c0c0c0cs0.979360,True,,,,,,,AGGGCGGGAACAGAGTGACCGAGGGGGCAGCCTTGGGCTGACCTAGGACGGTCAGCTTGGTCCCTCCGCCGAAGACCCAAGTGTACCTGCCTGCATATGAACAGCAGTAATACTCAGCCTCATCCTCAGCCTGGAGCCCAGAGATGGTAAGGGAGGCCGTGTTGCCAGACTTGGAGCCAGAGAAGCGATCAGGGACCCCTGAGGGCCGCTTACTGACATCATAAGTCATTATTTTGGGGGCTTTGCCTGGGTGCTGTTGGTACCAGGAGACATAATTATAACCACCAACATCACTGCTGGTTCCAGTGCAGGAGATGGTGACTGACTGTCCAGGAGACCCGGACACTGAGCGAGGCTGAGTCAGGGTAGACTGAGCCCAGGATCCTGTGCCCTGAGTGAGGAGGCTGAGGAGGAGCAGAGCCCAGGCCATGGTGGAGACGTCCCGAGAGTGCTGCCTCCTGAGACCCCAGCCCCGTAGACCAACTGATATAATG,,,,,,,,,,,,,,,,,,,,,,,,,,,,,,,,,,
SRR4026019ccc189c0c0c0cs0.997564,True,,,,,,,ATTATTAATGGCGTCGAGCGTCCGGTTAAAGCCGCTGAATTGTTCGCGTTTACCTTGCGTGTACGCGCAGGAAACACTGACGTTCTTACTGACGCAGAAGAAAACGTGCGTCAAAAATTACGTGCAGAAGGAGTGATGTAATGTCTAAAGGTAAAAAACGTTCTGGCGCTCGCCCTGGTCGTCCGCAGCCGTTGCGAGGTACTAAAGGCAAGCGTAAAGGCGCTCGTCTTTGGTATGTAGGTGGTCAACAATTTTAATTGCAGGGGCTTCGGCCCCTTACTTGAGGATAAATTATGTCTAATATTCAAACTGGCGCCGAGCGTATGCCGCATGACCTTTCCCATCTTGGCTTCCTTGCTGGTCAGATTGGTCGTCTTATTACCATTTCAACTACTCCGGTTATCGCTGGCGACTCCTTCG,,,,,,,,,,,,,,,,,,,,,,,,,,,,,,,,,,
SRR4026019ccc94c0c0c0cs0.973708,True,,,,,,,AGGGCGGGAACAGAGTGACCGAGGGGGCAGCCTTGGGCTGACCTAGGACGGTCAGCTTGGTCCCTCCGCCGAATACCCGGGACCATTCAGGCTGTCATCCCATGCTGCACAGTAATAATCAGCCTCATCCTCAGACTGGAGCCCACTGATGGCCAGGGAGGCTGAGGTGCCAGACTTGGAGCCAGAGAATCGGTCAGGGACCCCTGAGGGCCGCTGATTATTACTATAGATGAGGAGTTTGGGGGCCGTTCCTGGGAGCTGCTGGTACCAGTTTACAGTATTACTTCCGATGTGGGAGCTGCTTCCAGAACAAGGGATGGTGACCCTCGGCCCGGGGGGCCCAGACGCGGAGGGTGGCTGAGTCAGCACAGACTGGGCCCAGGACCCTGCACAGTGAGTGAGGAGGGTGAGGAGGAGAGGGAAGCTGGCCATGCTGGAGATTGTCCTGAGTCCTGTCTTCTCTCCCCGTACCCCTTCGAGTAGTCCC,,,,,,,,,,,,,,,,,,,,,,,,,,,,,,,,,,
SRR4026019ccc179c0c0c0cs0.982219,True,,,,,,,AGGGCGGGAACAGAGTGACCGAGGGGGCAGCCTTGGGCTGACCTAGGACGGTCAGCTTGGTCCCTCCGCCGAATACAACAGGAGCTGCCTGCATATGAGCAGCAGTAATAATCAGCCTCATCCTCAGCCTGGAGCCCAGAGATGGTCAGGGAGGCCGTGTTGCCAGACTTGGAGCCAGAGAAGCGATCAGGGACCCCTGAGGGCCGCTTACTGACATCATAAATCATGAGTTTGGGGGCTTTGCCTGGGTGCTGTTGGTACCAGGAGACATAGTTATAACCACCAACATCACTGCTGGTTCCAGTGCAGGAGATGGTGACTGACTGTCCAGGAGACCCGGACACTGAGCGAGGCTGAGTCAGGGCAGACTGAGCCCAGGATCCTGTGCCCTGAGTGAGGAGGCTGAGGAGGAGCAGAGCCCAGGCCATGGTGGAGACGTCCCGAGAGTGCTGCCTCCTGAGACCCCCCCGTAGCGTCTTTGCCTATTTT,,,,,,,,,,,,,,,,,,,,,,,,,,,,,,,,,,
SRR4026019ccc188c0c0c0cs0.970740,True,,,,,,,GACAGATGGTGCAGCCACAGTTCGTTTGATATCCACTTTGGTCCCAGGGCCGAAAGTGACCGGAGTTTGTAGAGCTTGCATGCAGTAATAAACCCCAACATCCTCAGCCTCCACTCTGCTGATTTTCAGTGTAAAATCTGTGCCTGATCCACTGCCACTGAACCTGTCAGGGACCCCGGAGGCCCGATTAGAACCCAAATAGATCAGGAGCTGTGGAGATTGCCCTGGCTTCTGCAGGTACCAATCCAAATAGTTGTATCCATTACTATGCAGGAGGCTCTGACTAGACCTGCAGGAGATGGAGGCCGGCTCTCCAGGGGTGACGGGCAGGGAGAGTGGAGACTGAGTCATCACAATATCCCCACTGGATCCAGAGACCCAGAGCATTAGCAGCCCCAGGAGCTGAGCAGGGAGCCTCATTGTGAGAAGGTGAACTGAGGAGTCCTGATCAGTCCCGTATAACTAGACCGTGGATT,,,,,,,,,,,,,,,,,,,,,,,,,,,,,,,,,,
SRR4026019ccc39c0c0c0cs0.811682,True,,,,,,,AGGGTGGGAACAGAGTGACCGAGGGGGCAGCCTTGGGCTGACCTAGGACGGTCAGCTTGGTCCCTCCGCCGAATACCGAACCACTCAGGCTATTGTCATAGGACTGGCAGTAATAATCAGCCTCATCCTCAGCCTGGAGCCCAGTGATGGCCAGGGAGGCTGAGGTGCCAGACTTGGAGCCAGAGAATCGGTCAGGGACCCCTGAGGGCCGATTGCTGTTACCATAGATGAGGAGTTTGGGGGCTGTTCCTGGAAGCTGCTGGTACCAGTGTACATCATAATTTGCCCCGATGTTGGAGCTGCTCCCAGTGCAGGAGATGGCCACCCGCTGCCGGGGGGAGTCGGAGAGTGAGGGCGGCGGGGTGAGGACAGAGTGGGAGAAGGACACTGTGCAGTGAGAGAGGAGAGTGAGGAGGAGAGGAGACCAGGGCATGCTGGAGATTGTGCTGAGGGAGGCCGGTTGTGCCCACAGCGGAAGCAGAGCCTCCCCGTAACACTTGGTAGTAGTCT,,,,,,,,,,,,,,,,,,,,,,,,,,,,,,,,,,
SRR4026019ccc41c0c0c0cs0.616818,True,,,,,,,GACAGATGGTGCAGCCACAGTTCGTTTAATCTCCAGTCGTGTCCCTTGGCCGAAGGTGATCGGAGTTTGTAGAGCTTGCATGCAGTAATAAACCCCAACATCCTCAGCCTCCACTCTGCTGATTTTCAGTGTAAAATCTGTGCCTGATCCACTGCCACTGAACCTGTCAGGGACCCCGGAGGCCCGATTAGAACCCAAATAGATCAGGAGCTGTGGAGACTGCCCTGGCTTCTGCAGGTACCACTCCAAATAGTTGTATCCATTACCATGCAGGAGGCCCTGACTAGACCTGCCGGAGCTGGATGCCGGCCCTCCAGGGTCGCAGGGCAGGGAGAGGGGAGACTGAGTCAGCACAATAGCCCCACGGGATCGAGAGAGCCAGAGGAATAGAAGGGACAGGAGCGGAGCAGGGAGCATGATAGGGAGAGGGTGAAAGGGGGAGCGGTGGAACCCGTAAATAAAATCCTAGGAGG,,,,,,,,,,,,,,,,,,,,,,,,,,,,,,,,,,
SRR4026019ccc180c0c0c0cs0.936680,True,,,,,,,AGGGTGGGAACAGAGTGACAGTGGGGTTGGCCTTGGGCTGACCTGCCCCACAGGCTCCGCAGGCTGGATCGGCTGCTTCCAACTGAGGCTCCAGGGTCTGGGTCCCCGCTTTGCGGTGCAACCATTGGGCGCAGCAGGCCATGGGCGACCATGGCCAGACCCAGCAGCAGCAGGGGCCAGCGCTGCCTGGGACCAGGGCCCAGCTCCTCCGGGGTCTCACAACCCACTTGGCCTGTCTTGGGTCTCATTGGCCTTCAGGTTCAGGGGCACCTCTGGCCCGACTTGCAGCATGGGCTCCCTGGAGGACGGTTCCCTGGTCCCTCTCGCCAGCAGGGCTGGTACAGTACACCCCAGTCCATTGGCTCTGTCCTCTCCCTGGACTGGCTCTGGTCCCTGTCCCTAGCCCAGGCCCTTCCAGGGTCCATGGCTGTCACCCCTGGGGATCGCTCCCAGAGGGGCATCTACCAACTGCCCTGAAGCAGTCACAATCCCCGTAGTTCGTACCTCTACCAC,,,,,,,,,,,,,,,,,,,,,,,,,,,,,,,,,,
SRR4026019ccc210c0c0c0cs0.988903,True,,,,,,,AGGGTGGGAACAGAGTGACCGATGGGGCAGCCTTGGGCTGACCGAGGACGGTCAGCTGGGTGCCTCCTCCGAACACAGCACCACTCAGGCTGTCATCCCATGCTGCACAGTAATAATCAGCCTCATCCTCGGACCGGAGCCCACTGATGGCCAGGGAGGCTGAGGTGCCAGACTTGGAGCCAGAGAATCGGTCAGGGACCCCTGAGGGCCGCTGATTATTCCTAGAGATGAGGAGTTTGGGGGCCGTTCCTGGGAACTGCTGGTACCAGTATACATAATTCTTTCCGATGTTGGAGCTGCTTCCAGAACAAGAGATGGTGACCCTCTGCCCGGGGGTCCCAGACGCTGAGGGTGGCTGAGTCAGCACAGACTGGGCCCAGGACCCTGCACAGTGAGTGAGGAGGGTGAGGAGGAGAGGGAAGCCGGCCATGCTGGAGATTGTCCTGAATCCTGTCTTCTCTACCACAGCTGAAGCTCCCGTATTCGAAAGATCTATCTT,,,,,,,,,,,,,,,,,,,,,,,,,,,,,,,,,,
SRR4026019ccc208c0c0c0cs0.988021,True,,,,,,,AGGGCGGGAACAGAGTGACCGAGGGGGCAGCCTTGGGCTGACCTAGGACGGTCAGCTTGGTCCCTCCGCCGAATACCTTATTCAGGCTGTCATCCCATGCTGCACAGTAATAATCAGCCTCATCCTCAGACTGGAGCCCACTGATGGCCAGGGAGGCTGAGGTGCCAGACTTGGAGCCAGAGAATCGGTCAGGGACCCCTGAGGGCCGCTGATTATTACTATAGATGAGGAGTTTGGGGGCCGTTCCTGGGAGCTGCTGGTACCAGTTTACAGTATTACTTCCGATGTTGGAGCTGCTTCCAGAACAAGAGGTGGTGACCCTCTGCCCGGGGGTCCCAGACGCGGTGGATGGCTGGGTAAGCACAGACTGGGCCCATGACCCTGCACAGTGAGTGAGGAGGGTGAGGAGGAGAGGGAAGCTGGCCATGCTGGAGATTGTCCTGAGTCCTGTCTTCTCTACCCACAGCTGAAGCTCCCCGTAGATATAGTAATTGTGTC,,,,,,,,,,,,,,,,,,,,,,,,,,,,,,,,,,
SRR4026019ccc203c0c0c0cs0.990920,True,,,,,,,GACAGATGGTGCAGCCACAGTTCGTTTGATATCCACTTTGGTCCCAGGGCCGAAAGTGAATTCGGAGGGAGATTATCATACTGTTGACAGTAATATGTTGCAATATCTTCAGGCTGCAGGCTGCTGATGGTGAAAGTAAAATCTGTCCCAGATCCACTTCCACTGAACCTTGATGGGACCCCTGTTTCCAAATTGGATGCATCGTAGATCAGGAGCTTAGGGGCTTTCCCTGGTTTCTGCTGATACCAATTTAAATAGTTGCTAATGTCCTGACTCGCCTGGCAAGTGATGGTGACTCTGTCTCCTACAGATGCAGACAGGGAGGATGGAGACTGGGTCATCTGGATGTCACATCTGGCACCTGAGAGCCAGAGCAGCAGGAGCCCCAGGAGCTGAGCAGGGACCCTCATGTCCATGCTGTGTCCTGGTTGGGACTCCCCGTACCAGTATACCCTCATGA,,,,,,,,,,,,,,,,,,,,,,,,,,,,,,,,,,
SRR4026019ccc47c0c0c0cs0.957412,True,,,,,,,GACAGATGGTGCAGCCACAGTTCGTTTGATTTCCACCTTGGTCCCTTGGCCGAACGTCCACGGTGAGCTACCATACTGCTGACAGTAATACACTGCAAAATCGTCAGGCTCCAGTCTGCTGATGGTGAGAGTGAAGTCTGTCCCAGACCCACTGCCACTGAACCTGTCTGGGATGCCAGTGGCCCTGCTGGATGCACCATAGATGAGGAGCCTGGGAGCCTGGCCAGGCTTCTGCTGGTACCAGGCTAAGTAGCTGCTGCTAACACTCTGACTGGCCCTGCAGGAGAGGGTGGCTCTTTCCCCTGGAGACAAAGACAGGGTGCCTGGAGAGTGCGTCAACACAATTTCGCCGGTGGTATCTGGGAGCCAGAGTAGCAGGAGGAAGAGAAGCTGCGCTGGGGTTTCGATGGTTCCCTCTGGGTCCTAACTGAGCAGCTCTGCGCAAGAGCTCTCCCCGTACCTTGATACTTAGATTG,,,,,,,,,,,,,,,,,,,,,,,,,,,,,,,,,,
SRR4026019ccc182c0c0c0cs0.986976,True,,,,,,,GAATTCTCACAGGAGACGAGGGGGAAAAGGGTTGGGGCGGATGCACTCCCTGAGGAGACGGTGACCAGGGTTCCCTGGCCCCAGTAGTCAAAGTAGGCTGTAGCCATCTCCCCCACAGGTCTCGCACAGTAATACATGGCGGTGTCCGAGGCCTTCAGGCTGCTCCACTGCAGGTAGGCGGTGCTGATGGACTTGTCGGCTGAGATGGTGACCTGGCCTTGGAAGGACGGGCTGTATCTGGTATCAGAGTCACCAGGATAGATGATCCCCATCCACTCCAGGCCTTTCCCGGGCATCTGGCGCACCCAGCCGAGCCAGTAGCTGGTAAAGCTGTATCCAGAACCCTTACAGGAGATCTTCAGAGACTCCCCGGGCTTTTTCACCTCTGCTCCAGACTGCACCAGCTGCACCTCGGCACAGACTCCTTGGAGAACAGCCAGGAGGAGGGCGAGGATGGCGGTTGACCCCATGATGGTGGAGGACAGAAAATGAAGCCCTGAGATCCCAGCTGGGCAGTGAGGGAGACCCCGTAAACCAAGATATAGCGTG,,,,,,,,,,,,,,,,,,,,,,,,,,,,,,,,,,
SRR4026019ccc37c0c0c0cs0.961809,True,,,,,,,GACAGATGGTGCAGCCACAGTTCGTTTGATCTCCACCTTGGTCCCTCCGCCGAAAGTAGGAGGGAGATTATCATACTGTTGACAGTAATATGTTGCAATATCTTCAGGCTGCAGGCTGCTGATGGTGAAAGTAAAATCTGTCCCAGATCCACTTCCACTGAACCTTGATGGGACCCCTGTTTCCAAATTGGATGCATCGTAGATCAGGAGCTTAGGGGCTTTCCCTGGTTTCTGCTGATACCAATTTAAATAGTTGCTAATGTCCTGACTCGCCTGGCAAGTGATGGTGACTCTGTCTCCTACAGATGCAGACAGGGAGGAGGGAGACTGGGTGATCTGGAGGGAACATCTGGCAGCTGAGAGCCAGAGCAGCAGGAGCCCCAGGAGCTGAGCAGGGACCGTCATGTCCATGCTGTGGCCTGGTGGGGCCTGACTCCTCCCGTAATTGATCTCGTACCGAT,,,,,,,,,,,,,,,,,,,,,,,,,,,,,,,,,,
SRR4026019ccc201c0c0c0cs0.990042,True,,,,,,,AGGGTGGGAACAGAGTGACCAAGGGGGTGGCCTTGAGCGGACCTGCCCCACAGGCTCCGCAGGCTGGATCGGCTGCTTCCAACTGAGGCTCCAGGGTCTGGGTCCCCGCTTTGCGGTGCAACCATTGGGCGCAGCAGGCCATGGGCGACCATGGCCAGACCCAGCAGCAGCAGGGGCCAGCGCTGCCTGGGACCAGGGCCCAGCTCCTCAGGGGTCTCACAACCCACTTGGCCTGTCTTGGGTCTCATTGGCCTTCAGGTTCAGGGGCACCTCTGGCCCGACTTGCAGCATGGGCTCCCTGGAGGACGGTGCCCTGGTCCCTCTCGCCAGCAGGGCTGTTACAGTACACCCCAGTCCATTGGCTCTGTCCTCTCCCTGGACTGGCTCTGGTCCCTGTCCCTAGCCCAGGCCCTTCCAGGGTCCATGGCTGTCACCCCTGGGGATCTCTCCCAGAGGGGCATCTACCAACTGCCCTCCCCGTACGTACACATGTACTTGA,,,,,,,,,,,,,,,,,,,,,,,,,,,,,,,,,,
SRR4026019ccc109c0c0c0cs0.997271,True,,,,,,,AGGGCGGGAACAGAGTGACAGTGGGGTTGGTCTTGGGCTGACCTAGGACGGTGACCTTGGTCCCAGTTCCGAAGACAGTGAAAGTGCTACTACCTGCATATGAGCAGCAGTAATAATCAGCCTCGTCCTCAGCCTGGAGCCCAGAGATTGTCAGGGAGGCCGTGTTGCCAGACTTGGAGCCAGAGAAGCGATTAGAAACCCCTGAGGGCCGCTTACTGACCTCATAAATCATGAGTTTGGGGGCTTTGCCTGGGTGCTGTTGGTACCAGGAGACAAGGTTATAACTCCCAACATCACTGCTGGTTCCAGTGCAGGAGATGGTGATCGACTGTCCAGGAGACCCAGACACGGAGGCAGGCTGAGTCAGGGCAGACTGGGCCCAGGACCCTGTGTCCTGAGTGAGGAGGGTGAGGAGCAGCAGAGCCCAGGCCATGGTGGAGACGTCCCGAGAGCGCTGCCTCTTGTCCCGTACCTGCTTGTCATATGTT,,,,,,,,,,,,,,,,,,,,,,,,,,,,,,,,,,
SRR4026019ccc148c0c0c0cs0.915089,True,,,,,,,TGTCTGCACCCTGATATGATGGGGAACACATCCGGAGCCTTGGTGGGTGCTGAGGAGACGGTGACCAGGGTTCCCTGGCCCCATGGATGGGACCCTCCCCGAACCATAGTAATAGGACGAACTTTCGCACAGTAATATACGGCCGTGTCCTCGGCTCTCAGGCTGTTCATTTGCAGATACAGCGTGTTCTTGGAATTGTCTCTGGAGATGGTGAACCGGCCCTTCACGGAGTCTGCGTAGTATGTGCTACCACCACTACCACTAATAGCTGAGACCCACTCCAGCCCCTTCCCTGGAGCCTGGCGGACCCAGCTCATGGCATAGCCGCGAAAGGTGAATCCAGAGGCTGCACAGGAGAGTCTCAGGGACCCCCCAGGCTGTACCAAGCCTCCCCCAGACTCCAACAGCTGCACCTCACACTGGACACCTTTTAAAATAGCCACAAGAAAAAGCCAGCTCAGCCCAAACTCCATGGTGAGTTCTCTCTGTTCAGTCCTGATCACCAAATGAAAACACCTGAAAATCCCAGGGCTGGGCTCCTCTCTCAGAGCTCCCGTACGTCTACCAATTACAAA,,,,,,,,,,,,,,,,,,,,,,,,,,,,,,,,,,
SRR4026019ccc83c0c0c0cs0.975538,True,,,,,,,AGGGTGGGAACAGAGTGACCGAGGGGGCAGCCTTGGGCTGACCTAGGACGGTCAGCTTGGTCCCTCCGCCGAATACCACAACTAGATGGTTACCACTGCTGTCCCGGGAGTTACAGTAATAGTCAGCCTCATCTTCCGCCTGAGCCCCAGTGATGGTCAAGGAAGCTGTGTTTCCTGAGCTGGAGCCAGAGAATCGGTCTGGGATCCCTGAGGGCCGGTTGTTTTTACCATAGATGACAAGTACAGGGGCCTGTCCTGGCTTCTGCTGGTACCAGCTTGCATAATAGCTTCTGAGGCTGTCTCCTTGGCATGTGATCCTGACTGTCTGTCCCAAGGCCACAGACACAGCAGGGTCCTGAGTCAGCTCAGAAGAAACCACAGAACCTATGCAAAGAGTGAGGAGAGTGAGCCAGAGAGGGGTCCAGGCCATGGTGGAGACACCCCAGAACTCTGCTTCTGAGCCCACAGCTCCCGTAATTCTTTAGCCTGTTTT,,,,,,,,,,,,,,,,,,,,,,,,,,,,,,,,,,
SRR4026019ccc76c0c0c0cs0.747293,True,,,,,,,AGGGCGGGAACAGAGTGACCGAGGGGGCAGCCTTGGGCTGACCTAGGACGGTCAGCTTGGTCCCTCCGCCGAATACCACAGTGCTGCTGCTTGTATATGAGCTGCAGCAATAATCAGCCTCGTCCTCAGCCTCGAGCTCAGAGATGGTCAGGGAGGCCGTGTTGCCAGACTTGGAGCCAGAGACGCGAATAGAAACCCCTGAGGCCCGATTACTGACATCATAAATCATGAGTTTGGGGGCTTTGCCTGGGTGTTGTTGGTACCAGGAGACATAGTTATAATCACCAACGTCACTGCTGGTTCCAGTGCAGGCACTGGCGTTCGACTGACCAGGAGACAAAGGCGCGGAGGCAGGATGAGGAAGGGGAGAATGGGGCGAGGACCAAGTGGCGTGAGTGAGGAGGGTGAGGAAGAGCAGAGCCGAGGGCAGGGTGGAGACGACCCGAGAGCGCTGCAGCCTGAGACACCAGCCCCCGTAAGCATTAGCCGTTTTCC,,,,,,,,,,,,,,,,,,,,,,,,,,,,,,,,,,
SRR4026019ccc78c0c0c0cs0.987542,True,,,,,,,GACAGATGGTGCAGCCACAGTTCGTTTGATATCCACTTTGGTCCCAGGGCCGAAAGTGAATAGAAGCCAGTTATTATACTGCTGACAGTAATAAACTGCAAAATCTTCAGACTGCAGGCTGCTGATGGTGAGAGTGAACTCTGTCCCAGACCCACTGCCACTGAACCTGGCTGGGATACCAGTGGCCCTGGTGGATGCACCATAGATGAGGAGCCTGGGAGGCTGGCCAGGTTTCTGCTGGTACCAGGCTAAGTTGCTGCTAACACTCTGACTGGCCCTGCAGGAGAGAGTCGCTCTTTCCCCTGGAGACACAGACAGGGTGGCTGGAGACTGCGTCATCACTATTTCGCCAGTGGTATCTGGGAGCCAGAGTAGCAGGAGGAAGAGAAGCTGCGCTGGGGCTTCCATGGTGCCGTCTGGGTCCGAACTGAGCAGTTACGACCCAGAGCTCTCCCCGTACCATTAAACGCATAAGG,,,,,,,,,,,,,,,,,,,,,,,,,,,,,,,,,,
SRR4026019ccc7c0c0c0cs0.720727,True,,,,,,,AGGGCGGGAACAGAGTGACCGAGGGGGCAGCCTTGGGCTGACCTAGGACGGTCAGCTTGGTCCCTCCGCCGAATACCAAATTGTTGCTGCCTGCATATGAGCTGCAGTAATAATCAGCCTCATCCTCAGCCTGGAGCCCAGAGACGGTCAGGGAGGCCGTGTTGCCAGACTTGGAGCCAGAGAAGCGATCAGGGACCCCTGAGGGCCGCTTACTGACCTCCTCAATCATGAGTTTGGGGGCTTTGCCTGGGTGCTGTTGGTACCAGGAGACCTCGTTCTAACCACCCACGTCCCTGCTGGTTCCAGTTCAGGCGCTGGTTACTGACTGTGGAGGGGAGCCGGAGGGGGAGGGAGGGTGAGTAAGGGGAGAGGGGGGGCAGGAGCGGGGGGGGGGAGGGAGGAGGGGGAGGAGGAGCAGAGCCCAGGCCAGGGGGGTGACGGCCGGAGAGGGCGGGGGCCGGAGACCCCAGCCCCGTACCCTATTTCCCATTGGA,,,,,,,,,,,,,,,,,,,,,,,,,,,,,,,,,,
SRR4026019ccc87c0c0c0cs0.768804,True,,,,,,,CCAGGGGGAAGACCTTGGGGCTGGTCGGGGATGCTGAGGAGACGGTGACCAGGGTTCCCTGGCCCCAGTAGTCAAAGTAGGACCAGCCACTGCTATACCCTTTTGCACAGTAATACAAGGCCGTGTCCTCAGCTCTCAGACTGTTCATTTGCAGATACAGGGAGTTCTTGGCGTTGTCTCTGGAGATGGTGAATCGGCCCTTCACAGAGTCCGCATAGCCTATGCTACCACTATTCCAACTAATACCTGAGACCCACTCCAGGCCCTTCCCTGGAGCTTGCCGGACCCAGTGCATGGCCTAATCATCAAAGGTGAATCCAGAGGCCGCACAGGGGAGTCTCCGAGACCGGGCAGGCTGGACCAAGCCTCCCCCGGACTCCACCAGCTGCACTTCACACTGGACACCTTTTAAAAGAGCCAAAAGGAAAATCCAGCTAAGTCCCAAGTGGAGGGGGAGTCCTCTGTGTGCAGTGCTGATCACTGAATGGAAACACCTGGGAATCTCAGGGCGGGGGCTCCGCGCCCAGAGCTCCCGTATGTTGTTTGTATGTTAT,,,,,,,,,,,,,,,,,,,,,,,,,,,,,,,,,,
SRR4026019ccc215c0c0c0cs0.985111,True,,,,,,,AGGCGGGAACAGAGTGACAGTGGGGTTGGCCTTGGGCTGACCTGCCCCACAGGCTCCGCAGGCTGGATCGGCTGCTTCCAACTGAGGCTCCAGGGTCTGGGTCCCCGCTTTGCGGTGCAACCATTGGGCGCAGCAGGCCATGGGCGACCATGGCCAGACCCAGCAGCAGCAGGGGCCAGCGCTGCCTGGGACCAGGGCCCAGCTCCTCAGGGGTCTCACAACCCACTTGGCCTGTCTTGGGTCTCATTGGCCTTCAGGTTCAGGGGCACCTCTGGCCCGACTTGCAGCATTGGCTCCCTGGAGGACGGTGCCCTGGTCCCTCTCGCCAGCAGGGCTGTTACAGTACACCCCAGTCCATTGGCTCTGTCCTCTCCCTGGACTGGCTCTGGTCCCTGTCCCTAGCCCAGGCCCTTCCAGGGTCCATGGCTGTCACCCCTGGGGATCTCTCCCAGAGGGGCATCTACCAACTGCCCTGAAGCAGTCACCCCCGTACTTGATTGATCTAGAAT,,,,,,,,,,,,,,,,,,,,,,,,,,,,,,,,,,
SRR4026019ccc111c0c0c0cs0.996557,True,,,,,,,AGGGTGGGAACAGAGTGACAGTGGGGTTGGCCTTGGGCTGACCTAGGACGGTGACCTTGGTCCCAGTTCCGAAGACATAAGTACCACTGCTGTCTGCTGATTGACAGTAATAGTCAGCCTCGTCTTCTGCCTGGACTCCACTGATGGTCAACGTGACTGTTGTCCCTGAGCTGGAGCCAGAGAATCGCTCAGGGATCCCTGAGGGCCTCTCACTGTCTTTATATATCACCAGCACAGGGGCCTGGCCTGGCTTCTGCTGGTACCAATAAGCATATTGCTTTGGCAATGCATCTCCAGAGCAGGTGATCCTGGCCGTCTGTCCTGGGGACACTGACACCGAGGGTGGCTGTGTCAGCTCATAGGAGGCCTCAGAGCCTGTGCAGAGAGTGAGGAGGGGGAGAAGTAGAGGGATCCAGGCCATGGTGAGACACCCAGAGTTCTGCCTCCTGGACCCACAGCACAGCTAGGCTCCCCCCCGTAGTCATTTGTACTGACGC,,,,,,,,,,,,,,,,,,,,,,,,,,,,,,,,,,
SRR4026019ccc8c0c0c0cs0.696880,True,,,,,,,TGTCTGCACCCTGATATGATGGGGAACACATCCGGAGCCTTGGTGGGTGCTGAGGAGACGGTGACCAGGGTTCCCTGGCCCCAGTAGTCAAATGTTGTTGCCCACTCTCTTGCACAGTAATAGACAGCCGTGTCCTCGGGAGTCACAGAGTTCAACTGCAGGGAGAACTGGTTCTTGGATGTGTCTGGGTTGATCGTTATTCGACTTTTCACAGATACTGCATACTCATTATACCACTTGGACCTTTAGTATGTCCTTCCCAGCCACTCAAGGCCTCCCGATGGGGACTGCCTGATCCCGTTCCAATCCGCACTGTTCCTACCGCCAGGGTCGCGGGAGATGGCACAGGGGGGGGAGAGGGTAGGGGAGGGGTGGAGCAGGACTGGACGGGAGGGGTGGAGCGGGAGCAGGGAAAGGAAAAGGGAGGGGAGGCGAAGGAGGGGGAGGAAGAGGAGGAAGGAGACAGAGAGGGGAGGGAGGGGGGGGGACGGGCCGGGGCAGGCAGAATGCAGCAGGCGCTCCCGTAAATAGTCATCCTAATGG,,,,,,,,,,,,,,,,,,,,,,,,,,,,,,,,,,
SRR4026019ccc14c0c0c0cs0.961943,True,,,,,,,GACAGATGGTGCAGCCACAGTTCGTTTTATATCCACTTTGGTCCCAGGGCCGAAAGTAAGAGGCCAGTTATTATACTGCTGACAGTAATAAACTGCAAAATCTTCAGACTGCAGGCTGCTGATGGTGAGAGTGAACTCTGTCCCAGACCCACTGCCACTGAACCTGGCTGGGATACCAGTGGCCCTGGTGGATGCACCATAGATGAGGAGCCTGGGAGCCTGGCCAGGTTTCTGCTGGTACCAGGCTAAGTTGCTGCTAACACTCTGACTGGCCCTGCAGGAGAGGGTGGCTCTTTCCCCTGGAGAGACAGACAGGGTGGCTGGAGACTGCGTGATCACTATTTCGCCAGTGGTATCTGGGAGCCAGAGTAGCAGGAGGAAGAGAAGCTGCGCTGGGGCTTCCATGGTTCCGTCTGGGTCCTAACTCCCGTACCCAATTGGTATGCCCC,,,,,,,,,,,,,,,,,,,,,,,,,,,,,,,,,,
SRR4026019ccc123c0c0c0cs0.978204,True,,,,,,,AGGGCGGGAACAGAGTGACAGTGGGGTTGGCCTTGGGCTGACCTAGGACGGTGACCTTGGTCCCAGTTCCGAAGACATAATGATCACTACTACTATCCCACACCTGACAGTAATAGTCGGCCTCATCCCCGGCTTCGACCCTGCTGATGGTCAGGGTGGCCGTGTTCCCAGAGTTGGAGCCAGAGAATCGCTCAGGGATCCCTGAGGGCCGGTCGCTATCATCATAGACGACCACCACAGGGGCCTGGCCTGGCTTCTGCTGGTACCAGTGCACCCCGTTGCTTCCAGTGTTGTTTCCCCGACAGGTAAGCCTGGCCGTGTGTCCTGGGGCCACTGACAGCGAGGGGGGCGGAGTCAGAACAAAGGAGGTCACAGAGCCTGTGCAGGGAGAGAGGAGGCCGAGGAGGAGAACGGTCCAGGCCATCCCGTAACTTCTGTTGATTGTGA,,,,,,,,,,,,,,,,,,,,,,,,,,,,,,,,,,
SRR4026019ccc142c0c0c0cs0.982749,True,,,,,,,GACAGATGGTGCAGCCACAGTTCGTTTGATTTCCACCTTGGTCCCTTGGCCGAACGTCCACGGGGTACTGTAACTCTGTTGACAGTAGTAAGTTGCAAAATCTTCAGGTTGCAGACTGCTGATGGTGAGAGTGAAATCTGTCCCAGATCCACTGCCACTGAACCTTGATGGGACCCCACTTTGCAAACTGGATGCAGCATAGATCAGGAGCTTAGGGGCTTTCCCTGGTTTCTGCTGATACCAATTTAAATAGCTGCTAATGCTCTGACCTGCCCGGCAAGTGATGGTGACTCTGTCTCCTACAGATGCAGACAGGGAGGATGGGGACTGGGTCATCTGGATGTCACATCTGGCACCTCGGAGCCAGAGTAGCAGGAGCCCCAGGAGCTGAGCGGGGACCCTCATGTCCATGCTGTGTCCTGACTGAGACTGACTCCTGCCCCGTACCTTTTGTTCCTTCGGT,,,,,,,,,,,,,,,,,,,,,,,,,,,,,,,,,,
SRR4026019ccc211c0c0c0cs0.987438,True,,,,,,,GAATTCTCACAGGAGACGAGGGGGAAAAGGGTTGGGGCGGATGCACTCCCTGATGAGACGGTGACCATTGTCCCTTGGCCCCAGACATCAAAAACTCCCAGGCCCGTACCGGCCACGGCTACATCCACTCTCCCACTGTTCGCACAGAAATACACGGCCGTGTCGTCGGCTCTCAGGCTGTTCATTTGAAGATACAGCGTGTTCTTGGAACTGTCTCTGGAGATGGTGAATCGGCCCTTCACGGAGTCTGTGTAGTGTGTGTCACCATTAACATAAATAACTGAGACCCACTCCAGCCCCTTCCCTGGAGCCTGGCGGACCCAGCCCATGTAGTTGCCACTGACGGTGAACCCAGAGGCTGCACAGGAGAGTCTCAGGGACCCCCCAGGCTGGATCAAGTCTCCTCCAGACTCCACCAGTTGCACCTCACACTGGACACCTTTTAAAATAGCAACAAGGAAAACCCAGCTCAGCCAAAACTCCATGGTGAGTCCTCTGTGTTCAGTGCTGATCCCCGTAAGAGATAGGAGACTGTG,,,,,,,,,,,,,,,,,,,,,,,,,,,,,,,,,,
SRR4026019ccc152c0c0c0cs0.988333,True,,,,,,,AGGGTGGGAACAGAGTGACCGAGGGGGCAGCCTTGGGCTGACCTAGGACGGTCAGCTTGGTCCCTCCGCCGAACACCCCTAAAGTGCTACTACCTGCATATGAGCAGCAGTAATAATCAGCCTCGTCCTCAGCCTGGAGCCCAGAGATTGTCAGGGAGGCCGTGTTGCCAGACTTGGAGCCAGAGAAGCGATTAGAAACCCCTGAGGGCCGCTTACTGACCTCATAAATCATGAGTTTGGGGGCTTTGCCTGGGTGCTGTTGGTACCAGGAGACAAGGTTATAACTCCCAACATCACTGCTGATTCCAGTGCAGGAGATGGTGATCGACTGTCCAGGAGACCCAGACACGGAGGCAGGCTGAGTCAGGGCAGACTGGGCCCAGGACCCTGTGTCCTGAGTGAGGAGGGTGAGGAGCAGCAGAGCCCAGGCCATGGTGGAGACGTCCCGAGAGCGCTGCCTCTTGTCCCGTAACCTTTTTCTGTAACCC,,,,,,,,,,,,,,,,,,,,,,,,,,,,,,,,,,
SRR4026019ccc89c0c0c0cs0.988652,True,,,,,,,AGGGCGGGAACAGAGTGACCGAGGGGGCAGCCTTGGGCTGACCTAGGACGGTCAGCTTGGTCCCTCCGCCGAATACCACAATGCTGCTGTCCCACGCCTGACAGTAATAGTCAGCCTCATCCATAGCCTGGGTCCCGCTGATGGTCAGAGTGGCTGTGTTCCCAGAGTTGGAGCCAGAGAATCGCTCAGGGATCCCTGAGGGCCGCTTGCTATCTTGATAGATGACCAGCACAGGGGACTGGCCTGGCTTCTGCTGATACCAGCAAGCATATTTATCCCCCAATTTATCTCCAGAGCAGGTGATGCTGGCTGTCTGTCCTGGGGACACGGACACTGAGGGTGGCTGAGTCAGCTCATAGGAGGCCACGGATCCTGTGCAGTAAGCAAGGACGCCGAGGAAGAGAGGGATCCATGCCATGGCTGAGGCACCTCCGATGCTGCTTCCTGAGGCCCAGCCCCGTAAGCTTAGTCTAAGATTG,,,,,,,,,,,,,,,,,,,,,,,,,,,,,,,,,,
SRR4026019ccc153c0c0c0cs0.997264,True,,,,,,,TGTCTGCACCCTGATATGATGGGGAACACATCCGGAGCCTTGGTGGGTGCTGAGGAGACGGTGACCAGGGTTCCCTGGCCCCAGTAGTCAGGCTGTATCCCCCCGGGGGATGTGGTCGCACAGTAATACACAGCCGTGTCTGCGGCGGTCACAGAGCTCAGCTTCAGGGAGAACTGGTTCTTGGACGTGTCTACGGATATGGTGACTCGACTCTTGAGGGACGGGTTGTAGTAGGTGCTCCCACTATAATAGATACTCCCAATCCACTCCAGCCCCTTCCCTGGGGGCTGGCGGATCCAGCCCCAGTAGTAACTACTACTGCTGATGGAGCCACCAGAGACAGTGCAGGTGAGGGACAGGGTCTCCGAAGGCTTCACCAGTCCTGGGCCCGACTCCTGCAGCTGCAGCTGGGACAGGACCCATCTGGGAGCCGCCACCAGCAGGAGGAAGAACCACAGGTGCTTCATTTTCTTGCACATGAGATCCATGACTCTCAGAAAGCCCCCGTAGGTAATCTCCCATGTCG,,,,,,,,,,,,,,,,,,,,,,,,,,,,,,,,,,
SRR4026019ccc217c0c0c0cs0.989157,True,,,,,,,GAATTCTCACAGGAGACGAGGGGGAAAAGGGTTGGGGCGGATGCACTCCCTGAGGAGACGGTGACCGTGGTCCCTTGGCCCCAGACGTCCATACCGTAGCAGCTACCACCACTACAATAGAGGAACGGTCTAGTACAGTAATACACGGCCGTGTCCTCGGTTTTCAGGCTGTTCATTTGCAGATACGCCGTGTTCTTTGAATCATCTCTGGAGATGGTGAACCTGCCTTTCACCGACGCAGCATATGCTGTCGCGTAACTGTTAGCTTTGCTTCCAATACGGCCAACCCACTCCAGCCCTTTCCCGGAAGCCTGGCGGACCCAGTGCATAGCAGAGCCACTGAAGGTGAACCCAGAGGCTGCACAGGAGAGTTTCAGGGACCCCCCAGGCTGGACCAAGAATCCCCCGGACTCCACCAGCTGCACCTCACACTGGACACCTTTTAAAATAGCAACAAGGAAAACCCAGCTCAGCCCAAACTCCATGGTGAGTCTCCTGTATTCAGTGCCGATCACCGAGTGGAGACAGCTGGGAATCCCAAGGCTGGAGCTCCCCCCGTATGAGATCTCAACCGTC,,,,,,,,,,,,,,,,,,,,,,,,,,,,,,,,,,
SRR4026019ccc156c0c0c0cs0.971642,True,,,,,,,ATTAGGGTCAACGCTACCTGTAGGAAGTGTCCGCATAAAGTGCACCGCATGGAAATGAAGACGGCCATTAGCTGTACCATACTCAGGCACACAAAAATACTGATAGCAGTCGGCGTGTGAATCATTAGCCTTGCGACCCTCGGCAGCAAGAACCATACGACCAATATCACGAAAATAGTCACGCAAAGCATTGGGATTATCATAAAACGCCTCTAATCGGTCGTCAGCCAACGTGAGAGTGTCAAAAACGATAAACCAACCATCAGCATGAGCCTGTCGCATTGCATTCATCAAACGCTGAATAGCAAAGCCTCTACGCGATTTCATAGTGGAGGCCTCCAGCAATCTTGAACACTCATCCTTAATACCTTTCT,,,,,,,,,,,,,,,,,,,,,,,,,,,,,,,,,,
SRR4026019ccc117c0c0c0cs0.995899,True,,,,,,,AGGGCGGGAACAGAGTGACAGTGGGGTTGGCCTTGGGCTGACCTAGGACGGTGACCTTGGTCCCAGGTCCGAAGACATAACCATTCAGGCTGTCATCCCATGTTGCACAGTAATAATCAGCCTCATCCTCAGACTGGAGCCCACTGATGGCCAGGGAGGCTGAGGTGCCAGACTTGGAGCCAGAGAATCGGTCAGGGACCCCTGAGGGCCGCTGATTATCACTAAAGATGAGGCGTCTGGGGGCCGTTCCTGGGAGCTGCTGGTACCACTGCACAGTATTACTTCCGATGTTGGAGCTGCTTCCAGAACAAGAGATGGTGACCCTCTGCCCGGGGGTCCCAGACGCTGAGGGTGGCTGAGTCAGCACAGACTGGGCCCAGGACCCTGCACAGTGAGTGAGGAGGGTGAGGAGGAGAGGGAAGCTGGCCATGCTGGAGATTGTCCTGAGTCCTGTCTTCTCTACCCACAGCTGAAGCTCCCGTATATCAAAGGCTTTCCCC,,,,,,,,,,,,,,,,,,,,,,,,,,,,,,,,,,
SRR4026019ccc186c0c0c0cs0.996828,True,,,,,,,AGGGCGGGAACAGAGTGACCGAGGGGGCAGCCTTGGGCTGACCTAGGACGGTCAGCTTGGTCCCTCCGCCGAATACCCGAGTACCACCATAGTAGAGCAGGCAGTAATAGTCAGCCTCGTCCTCAGGCTGCACACCTGACAGTGTCAGGGCAGCTTTGCCCCCAAGGAGGGAGCCTGAGAACCGGGCAGGGGTCCAGGAGTATTTGTTGTTTGTACCATAAATCAGTGCCCTGGGTGCTTGTCCAGGTTTTTGCTGGAACCAGTTTGGATAGTAACCATTGGTGACTGCTCCAGTGCTGGAAGCACAGGTGAGAGTGACTGTCCCTCCTGGGGACACAGTCAGTGAGGGCTCCTGAGTCACCACCGTCTGAGAATTGGACCCTGGGCAGCAAGTGAGGAGGAACAGAAAGAGAGGAGTCCAGGCCATGGTGCTGATATTGGAAGGGACCCCTGGCGCCAGAGCCCGTATACATTGTGGTTTGCGA,,,,,,,,,,,,,,,,,,,,,,,,,,,,,,,,,,
SRR4026019ccc206c0c0c0cs0.723318,True,,,,,,,GAATTCTCACAGGAGACGAGGGGGAAAAGGGTTGGGGCGGATGCACTCCCTGAGGAGACGGTGACCAGGGTTCCCTGGCCCCAGTAGTCCAAGCGACCATAGCTGTATCCATGGTTATCTTTCGCACAGTAATCTACGGCCGTGTCCTCGGCTCTCCGGCTGTTCATTTGCAGATACAGCGTGTTCTTGGGATTGTCTCTGGAGATGGTGAACCGGCCCTTCACGGAGTCTCCGTACTCTGTGCTTCCACCCTTACCACTAATAGCTGCGACCCACTCACGCCCCTCCCCTTGAGCCTGGCGGACCCACCTCATGCCGTACCTGCCAAGCGTGAATCCGGGCGCTGCACAGGAGCGTCTCCGGGACCCGCCTGGCGCTACCAGGCCTCCCCCAGACTCCAACAGCTGAACCTCACACTGGACACCTTTGAAAAGAGCCACAAGAAAAAGCCAGCTCAGCCCAAACTCCTTGGTGGGTTCTCTCTGTGCAGTCCTGAGCACCAAAAAATCCCGTACCGTATAGCCCATTGCTAGCCCGTATTACATCCTGCTTCTAC,,,,,,,,,,,,,,,,,,,,,,,,,,,,,,,,,,
SRR4026019ccc214c0c0c0cs0.965730,True,,,,,,,AGGGCGGGAACAGAGTGACCGAGGGGGCAGCCTTGGGCTGACCTAGGACGGTCAGCTTGGTCCCTCCGCCGGATACCACATAGAATGGTTACCACTGCTGTCGCGGGAACATATTAATAGTCAGCCTCATCTTCCGCCTGAGGCCCAGTGATGGTCAACAAAGCTGTGTTTCCTGAGCTGGAGCCAGAGATTCGGTCTGGGATCCCTGAGGGCCGGTTGTTTTTAACAGAGATGACAAGTACAGGGACCTGTCCTGGCTTCCGCTGGTCCCAGGTTGCATAATAGATTCTGAGGCTGTCTCCTTGGCCTGTGATCCTGACTGTCTGTCCCAAGGCCACAGACACAGCAGGGTCCTGAGTCAGCTCAGAAGAGACCACAGAACCTATGCAAAGAGTGAGGAGAGTGAGCCAGAGAGGGGTCCAGGCCATGGTGGACCCGTACGAATAATGCATCTTCT,,,,,,,,,,,,,,,,,,,,,,,,,,,,,,,,,,
SRR4026019ccc190c0c0c0cs0.966950,True,,,,,,,GACAGATGGTGCAGCCACAGTTCGTTTGATCTCCACCTTGGTCCCTCCGCCGAAAGTGAGCGCAGGCCAGTTATTATACTGCTGACAGTAATAAACTGCAAAATCTTCAGACTGCAGGCTGCTGATGGTGAGAGTGAACTCTGTCCCAGACCCACTGCCACTGAACCTGGCTGGGATACCAGTGGCCCTGGTGGATGCACCATAGATGAGGAGCCTGGGAGCCTGGCCAGGTTTCTGCTGGTACCAGGCTAAGTTGCTGCTAACACTCTGACTGGCCCTGCAGGAGAGGGTGGCTCTTTCCCCTGGAGACACAGACAGGGTGGCTGGAGACTGCGTCATCACTATTTCTCCAGTGGTATCTGGGAGCCAGAGTAGCAGGAGGAAGAGAAGCTGCGCTGGGGCTTCCATGGTTCCGTCTGGGTCCTAACTGAGCAGTTCCTCCCCGTAGGCTAAGCTGCAGATTC,,,,,,,,,,,,,,,,,,,,,,,,,,,,,,,,,,
SRR4026019ccc67c0c0c0cs0.981138,True,,,,,,,AGGGTGGGAACAGAGTGACAGTGGGGTTGGCCTTGGGCTGACCTAGGACGGTGACCTTGGTCCCAGTTCCGAAGACATCAGTGCTGCTGCTTGTATATGAGCTGCAGTAATAATCAGCCTCGTCCTCAGCCTGGAGCCCAGAGATGGTCAGGGAGGCCGTGTTGCCAGACTTGGAGCCAGAGAAGCGATTAGAAACCCCTGAGGGCCGATTACTGACATCATAAATCATGAGTTTGGGGGCTTTGCCTGGGTGCTGTTGGTACCAGGAGACATAGTTATAACCACCAACGTCACTGCTGGTTCCAGTGCAGGAGATGGGGATCGAGTGTCCAGGAGACCCAGACACGGAGGCAGGCTGAGTCAGGGCAGACTGGGCCCAGGACCCTGTGACCGGAGTGAGGAGGGTGAGGAATAGCAGAGCCCAGGCCATGGTGGAGACGTCCCGAGAGCGCTGCCGCCTGAGACCCCAGCCCCCGTATGCCTAGCTTCTTTTTT,,,,,,,,,,,,,,,,,,,,,,,,,,,,,,,,,,
SRR4026019ccc175c0c0c0cs0.994921,True,,,,,,,AGGGCGGGAACAGAGTGACCGAGGGGGCAGCCTTGGGCTGACCTAGGACGGTCAGCTTGGTCCCTCCGCCGAATACCCCGATAGCATTGCTTGGCCAAATCATACAGTAATAGTCAGCCTCATCCTCAGACTGGAGCCCGGAGATGAGTAAAATCCCTGTATTGGCTGAAGCATCTTTGGATCCAGAGAAGCGGCTGGGGACTCCAGAGCCCTGGCCCTTATCTGAGTCTGAGTAGTAGTACAGGAGATACCTGGGAGGGCTCCCTGGCTTCTGCTGGTACCAGTATATGTTGTAGCTACCAACATTGATGTCACTGGGCAAAGGTGCAGGTGAGTCTGGCGGATTCTCCAGGAGATGCGGAGGAGGAAGGTGGCTGAGTCAGCACAGGCTGGGAGAGGGAACCTGTGCAGTGAGAGAGGAGCAAGAGAAGAAGAGGAGTCCAGGCCATGGTGGACACAGCCTGACATGCACCCCCGTAGTCCTAGGCTCTACGAA,,,,,,,,,,,,,,,,,,,,,,,,,,,,,,,,,,
SRR4026019ccc93c0c0c0cs0.728328,True,,,,,,,AGGGTGGGAACAGAGTGACAGTGGGGTTGGCCTTGGGCTGACCTAGGACGGTGACCTTGGTCCCAGTTCCGAAGACATAAGTGCTGCTGGTTGTATATGAGCTGCAGTAATAATCAGCCTCGTCCTCAGCCTGGAGCCCAGAGATGGTCAGGGAGGCCGTGTTGCCAGACTTGGAGCCAGAGAAGCGATTAGAAACCCCTGAGGGCCGATTACTGACATCATAAATCATGAGTTTGGGGGCTTTGCCTGGGTGCTGTTGGTACCAGGAGACATCGTGCTAACCACCAACGTCACTGCTGGTTCCAGTGCAGGAGGTGGTGCTCGACTGGCCAGGAGACGCAGAAGCGGAGGAAGGGTGAGGCAGGGGAGACTGGGCGCAGGAGCCTGTGCCCTGGGGGAGGAGGGGGAGGAATAGCAGGGCCGAGGCCATGGTGGAGACGTCCCGAGAGCGCGGGGACGTGAGACCACAGCCCCGTACTTATTGCAAGTAAGCT,,,,,,,,,,,,,,,,,,,,,,,,,,,,,,,,,,
SRR4026019ccc45c0c0c0cs0.969203,True,,,,,,,GACAGATGGTGCAGCCACAGTTCGTTTAATATCCAGTCGAGTCCCTTGGCCGAAGAGGGGGGGGAGATATTCATACTGCTGCCAGTAATACGTTGCAATATCCTCAGGCTGCAGGCTGCTGATGGTGAAAGTAAAATCTGTCCCAGTTCCGCTTCCACTGAACCTTGATGGGACCCCTGTTTCCAAGTAGGATGCATCGAAAATAAGGAGCCTAGGGGCTTTCCCTGGCTCCTGCTGATACCAATTTAAAAAGTTGCCAAGGTCCTGACTCGCCTGGCAGGTGATGGGGAGTCTGTCTCCTACAGATGCAGACAGGGAGGATGGAGACTGGGTCATCTGGATGTCACAGGTGGCACCGGAGAGCGAGAGCAGCAGGAGCGCCAGGAGCTGAGCAGGGACCCTCATGTCCATGCTGTGTCCTGGTTGGGACTCCCCGTACACACTCTTTCACTTCC,,,,,,,,,,,,,,,,,,,,,,,,,,,,,,,,,,
SRR4026019ccc113c0c0c0cs0.995370,True,,,,,,,AGGGCGGGAACAGAGTGACCGAGGGGGCAGCCTTGGGCTGACCTAGGACGGTCAGCTTGGTCCCTCCGCCGAATACCACATAAGTGCTACTACCTGCATATGAGCAGCAGTAATAATCAGCCTCGTCCTCAGCCTGGAGCCCAGAGATTGTCAGGGAGGCCGTGTTGCCAGACTTGGAGCCAGAGAAGCGATTAGAAACCCCTGAGGGCCGCTTACTGACCTCATAAATCATGAGTTTGGGGGCTTTGCCTGGGTGCTGTTGGTACCAGGAGACAAGGTTATAACTCCCAACATCACTGCTGGTTCCAGTGCAGGAGATGGTGATCGACTGTCCAGGAGACCCAGACACGGAGGCAGGCTGAGTCAGGGCAGACTGGGCCCAGGACCCTGTGTCCTGAGTGAGGAGGGTGAGGAGCAGCAGAGCCCAGGCCATGGTGGAGACGTCCCGAGAGCGCTGCCTCTTGTGACCCCCCCCGTAATTTTTGTGATTGCAGC,,,,,,,,,,,,,,,,,,,,,,,,,,,,,,,,,,
SRR4026019ccc154c0c0c0cs0.994180,True,,,,,,,TGTCGCACCCTGATATGATGGGGAACACATCCGGAGCCTTGGTGGGTGCTGAGGAGACGGTGACCAGGGTTCCCTGGCCCCAGTAGTCAAAATATCGTCTCCCTCTCGCACAGTAATACACAGCCGTGTCCTCGTCTCTCAGGCTGTTCATTTGCAGATACAGTGAGTTCTTGGCATTGTCTCTGGAGATGGTGAATCGGCCCTTCACAGAGTCTGCGTAGTATATGGTACTACTACTACTACTAATGTATGAAACCCACTCCAGCCCCTTCCCTGGACCCTGGCGGACCCAGTTCATGCTATAGCTACTGAAGGTGAATCCAGAGGCTGCACAGGGGAGTCTCAGGGACCCCCCAGGCTGTACCAAGCCTCCCCCAGACTCCACCAGCTGCACCTCACACTGGACACCTTCTAAAATAGCAACAAGGAAAACCCAGCACAGCCCCAACTCCATGGTGAGTCCTCTGTGTTCAGTGCTGATCACCAAGTGGAAATGCCTTGGAATCCAGGGCTAAGGCACCTCTCTGAGAGCTCCCCGTAGTGAATTTTGCTTAAAG,,,,,,,,,,,,,,,,,,,,,,,,,,,,,,,,,,
SRR4026019ccc144c0c0c0cs0.995050,True,,,,,,,TTTGGCGGCGCAACCTGTGACGACAAATCTGCTCAAATTTATGCGCGCTTCGATAAAAATGATTGGCGTATCCAACCTGCAGAGTTTTATCGCTTCCATGACGCAGAAGTTAACACTTTCGGATATTTCTGATGAGTCGAAAAATTATCTTGATAAAGCAGGAATTACTACTGCTTGTTTACGAATTAAATCGAAGTGGACTGCTGGCGGAAAATGAGAAAATTCGACCTATCCTTGCGCAGCTCGAGAAGCTCTTACTTTGCGACCTTTCGCCATCAACTAACGATTCTGTCAAAAACTGACGCGTTGGATGAGGAGAAGTGGCTTAATATGCTTGGCACGTTCGTCA,,,,,,,,,,,,,,,,,,,,,,,,,,,,,,,,,,
SRR4026019ccc184c0c0c0cs0.968259,True,,,,,,,AGGCGCTGAATTTACGGAAAACCTTATTAATGGCGTCGAGCGTCCGGTTAAAGCCGCTGAATTGTTCGCGTTTACCTTGCGTGTCCGCGCAGGCAACCATGACGTTCTTACTGACGCAGAGGCACACGTTCTGCAAAAATTACGTGCAGAAGGAGTGATGTAATGTCTCCAGGTAAAAAACGTTCTGGCGCTCGCCCTGGTCGTCCGCAGCCGTTGCGAGGGACTAAAGGCAAGCGTAAAGGCGCTCGTCTTTGGTAGGTAGGTGGTTAACAATTTTCATTGCAGGGGCTTCGGCCCCTTACTTGAGGATAAATTATGTCTAATATTCAAACGGGCGCCGAGCGTATGCCGCATGACCTTTCCCATCTTGGCTTCCTTGCTGGTCAGATTGGTCGTCGTATTACCATTTCAACT,,,,,,,,,,,,,,,,,,,,,,,,,,,,,,,,,,
SRR4026019ccc168c0c0c0cs0.981664,True,,,,,,,GACAGATGGTGCAGCCACAGTTCGTTTGATCTCCACCTTGGTCCCTCCGCCGAAAGTGAGAGGGAGATTATCATACTGTTGACAGTAATATGTTGCAATATCTTCAGGCTGCAGGCTGCTGATGGTGAAAGTAAAATCTGTCCCAGATCCACTTCCACTGAACCTTGATGGGACCCCTGTTTCCAAATTGGATGCATCGTAGATCAGGAGCTTAGGGGCTTTCCCTGGTTTCTGCTGATACCAATTTAAATAGTTGCTAATGTCCTGACTCGCCTGGCAAGTGATGGTGACTCTGTCTCCTACAGATGCAGACAGGGAGGATGGAGACTGGGTCATCTGGATGTCACATCTGGCACCTGAGAGCCAGAGCAGCAGGAGCCCCAGGAGCTGAGCAGGGACCCTCATGTCCATGCTGTGTCCTGGTTGGGACTGACTCCCCGTACATTGAGTCGTTTTATA,,,,,,,,,,,,,,,,,,,,,,,,,,,,,,,,,,
SRR4026019ccc119c0c0c0cs0.929077,True,,,,,,,GAATTCTCACAGGAGACGAGGGGGAAAAGGGTTGGGGCGGATGCACTCCCTGAGGAGACGGTGACCAGGGTTCCCTGGCCCCAGTAGTCAAAGCCCATATGGGGGGTATTCCTCGCACAGTAATACACAGCCGTGCCCTCGGCTCTCAGGCTGTTCATTTGCAGATACAGCGTGTTCTTGGAATTGTCTCTGGAGATGGTGAATCGGCCCTTCACGGAGTCTGCATAGTATTTATTACTTCCATCATACCATATAACTGCCACCCACTCCAGCCCCTTGCCTGGAGCCTGGCCGACCCCGTGCATGCCATAGCTACTGAAGGTGAATCCAGACGCTGCACAGGAGAGTCTCAGGGACCTCCCAGGCTGGACCACGCCTCCCCCAGACTCCACCAGCTGCACCTGACACTGGACACCTCTTAAAAGAGCAACGAGGAAAACCCAGCTCAGCCCAAACTCCATGGTGAGTCCTCTGTGTTCAGTGCTGATCACCGAATGGAAACACCGCCGACTTCTAGTCCCGTACAATAAATCTTTCGAGA,,,,,,,,,,,,,,,,,,,,,,,,,,,,,,,,,,
SRR4026019ccc216c0c0c0cs0.989045,True,,,,,,,AGGTGGGAACAGAGTGACCGAGGGGGCAGCCTTGGGCTGACCTAGGACGGTCAGCTTGGTCCCTCCGCCGAACACCCAATCGAAGTTGCTCCCACTGCCAAAATCTGCCCCACAGTGGTAGTCACTCTCATCCTCTTCCTGGATGTTCTTGATGGTCAGGTACCGATTCAGGCCTGAGCCCAAGACTGAGAAGCGATCAGGGATGCCATCCCCCTTGGATCCCACAATCCCACCAGTGCCCACTCGCATCACAAACCGGGGGCCCTTCCCTGGTCTCTGCTGGTACCAGTCCACTTTATAATTACTGTAGCCGCCGCTCAGGGTGCAGGTGAGTGTGACCGAGGCTCCCAGGGAGGCGGATGCAGAAGGTGGCTGAGTCAGCACAGGCTGGGAGAGGGACCCTGTGAGGAGACTGAGGAGGGTGAGGAGCAGAGGAGCCCAGGCCATGGTGGAGCTGCTGCAATGCTGGGTTCTTCAGTCTCTCCCCGTATCCTAAATCTGTCAAGT,,,,,,,,,,,,,,,,,,,,,,,,,,,,,,,,,,
SRR4026019ccc43c0c0c0cs0.676936,True,,,,,,,AGGGCGGGAACAGAGTGACAGTGGGGTTGGCCTTGGGCTGACCTAGGACGGTGACCTTGGTCCCAGTTCCGAAGACATAAGTGCTACTACCTGCATATGAGCAGCAGTAATAATCAGCCTCGTCCTCAGCCTGGAGCCCAGAGATTGTCAGGGAGGCCGTGTTGCCAGACTTGGAGCCAGAGAAGCGATTAGAAACCCCTGAGGGCCGCTTACTGACCTCATAAATCATGAGTTTGGGGGCTTTGCCTGGGTGCTGTTGGTCCCAGGCGACAAGGTTATAACTCCCAACATCCCTGCTGGTTCCACTCCCGGAGATGTGGATCGACTGGCGAGGAGACCCAGACACGGAGGCAGGCGGAGGAAGGGCAGACTGGGCGCAGGACGGGGGGTCGGGAGTGAGGGGGGTGAGGAGCAGCAGAGACGAGGCGATGGTGGAGACGTCCCGAGAGCGCGGCCTGTTGTGACCCCCCCCGTAGTGCTTACTCTAAGGTT,,,,,,,,,,,,,,,,,,,,,,,,,,,,,,,,,,
SRR4026019ccc196c0c0c0cs0.996905,True,,,,,,,GAATTCTCACAGGAGACGAGGGGGAAAAGGGTTGGGGCGGATGCACTCCCTGAAGAGACGGTGACCATTGTCCCTTGGCCCCAGATATCAAAAGCGCCCATCGCGGGACGTAATGAGGAACTAAAGGGCACTCTCGCACAGTAATACACGGCCGTGTCGTCAGATCTCAGCCTGCTCAGCTCCATGTAGGCTGTGCTGATGGACGTGTCCCTGGTCATGGTGACCCAGCCCTGAAACTTCTGTGCATAGTTTGTGCCACCACTGTTAGGGTTGATCCATCCCATCCACTCAAGCCCTTGTCCAGGGGCCTGTCGCACCCAGTGCATATAGTAGCCGGTGAAGGTGTATCCAGAAGCCTTGCAGGAGACCTTCACTGAGGCCCCAGGCTTCTTCACCTCAGCCCCAGACTGCACCAGCTGCACCTGGGAGTGGGCTCCTGTGGCTGCTGCCACCAAGAAGAGGATCCTCCAGGTCCAGTCCATGGTGAGGAACGGAGCTCTCAGGGGATTCTCTAGAGGACAGATGTGGTTGCTGGGTGATGCTCCCCGTACGGATACTCAAATTCCA,,,,,,,,,,,,,,,,,,,,,,,,,,,,,,,,,,
SRR4026019ccc158c0c0c0cs0.981506,True,,,,,,,GAATTCTCACAGGAGACGAGGGGGAAAAGGGTTGGGGCGGATGCACTCCCTGAGGAGACGGTGACCAGGGTTCCCTGGCCCCAGTAGCTCCTGGGGACTCCAAAAATCGTAATACCACAGTGACACAGACCTCACCCCAAACCTACCGCCAGGCCTGGGGAAACCCGGGATGTCCAGGGCTGACCTGAGGAGGTAGCAGGGCACCGAGGGGAGGCTGTGGGCCCAGCGCTCTCAGGTCTACTGCGGGGACACTCGGGTCTGCCCCTGGCTTAGGTGGACAGTGTCCGTGCCACCCGGTGCCCGGAGGCTCCATTTCAGGCTGATATCTGTCTGTATTGTCCCTACCCGCTGCATGGCCATGTCCTTTTGGGTTTATAAATTGCCCCCCCCGTAACCCCTATACCTTAAGA,,,,,,,,,,,,,,,,,,,,,,,,,,,,,,,,,,
SRR4026019ccc145c0c0c0cs0.987914,True,,,,,,,GAATTCTCACAGGAGACGAGGGGGAAAAGGGTTGGGGCGGATGCACTCCCTGAGGAGACGGTGACCAGGGTTCCCTGGCCCCAGTAGTCCCACGGGTGGTCACCCCCCCAACTGGCACAGTAATACACAGCCGTGTCCGCGGCGGTCACAGAGCTCAGCTTCAGGGAGAACTGGTTCTTGGACGTGTCTACTGATATGGTGACTCGACTCTTGAGGGACGGGTTGTAGTTGGTGCTTCCACTATGATTGATTTCCCCAATCCACTCCAGCCCCTTCCCTGGGGGCTGGCGGATCCAGCTCCAGTAGTAACCACTGAAGGACCCACCAGAGACAGCGCAGGTGAGGGACAGGGTCTCCGAAGGCTTCAGCAGTCCTGCGCCCCACTGCTGTAGCTGCACCTGGGACAGGACCCATCTGGGAGCTGCCACCAGGAGGAGGAAGAACCACAGGTGTTTCATGTTCTTGTGCAGGAGGTCCATGACTCTCAGAAAGCACTTCCCATGTCCCGTATTAAGTCTTCGATTCAA,,,,,,,,,,,,,,,,,,,,,,,,,,,,,,,,,,
SRR4026019ccc147c0c0c0cs0.998271,True,,,,,,,AGGGCGGGAACAGAGTGACAGTGGGGTTGGCCTTGGGCTGACCTAGGACGGTGACCTTGGTCCCAGTTCCGAAGACATAATGGTTACCACTGCTGTCCCGGGAGTTACAGTAATAGTCAGCCTCATCTTCCGCCTGAGCCCCAGTGATGGTCAAGGAAGCTGTGTTTCCTGAGCTGGAGCCAGAGAATCGGTCTGGGATCCCTGAGGGCCGGTTGTTTTTACCATAGATGACAAGTACAGGGGCCTGTCCTGGCTTCTGCTGGTACCAGCTTGCATAATAGCTTCTGAGGCTGTCTCCTTGGCATGTGATCCTGACTGTCTGTCCCAAGGCCACAGACACAGCAGGGTCCTGAGTCAGCTCAGAAGAAACCACAGAACCTATGCAAAGAGTGAGGAGAGTGAGCCAGAGAGGGGTCCAGGCCATGGTGGAGACACCCCAGAACTCTGCTTCTGAGCCCACAGCTCCCGTACAATATAATAGATTCCT,,,,,,,,,,,,,,,,,,,,,,,,,,,,,,,,,,
SRR4026019ccc169c0c0c0cs0.991252,True,,,,,,,AGGGTGGGAACAGAGTGACCGAGGGGGCAGCCTTGGGCTGACCTAGGACGGTCAGCTTGGTCCCTCCGCCGAATACCACATGGTTACCACTGCTGTCCCGGGAGTTACAGTAATAGTCAGCCTCATCTTCCGCCTGAGCCCCAGTGATGGTCAAGGAAGCTGTGTTTCCTGAGCTGGAGCCAGAGAATCGGTCTGGGATCCCTGAGGGCCGGTTGTTTTTACCATAGATGACAAGTACAGGGGCCTGTCCTGGCTTCTGCTGGTACCAGCTTGCATAATAGCTTCTGAGGCTGTCTCCTTGGCATGTGATCCTGACTGTCTGTCCCAAGGCCACAGACACAGCAGGGTCCTGAGTCAGCTCAGAAGAAACCACAGAACCTATGCAAAGAGTGAGGAGAGTGAGCCAGAGAGGGGTCCAGGCCATGGTGGAGACACCCCAGAACTCTGCTTCTGAGCCCACAGCTAAGCCCGTACCGAGTTGATTTTGGAA,,,,,,,,,,,,,,,,,,,,,,,,,,,,,,,,,,
SRR4026019ccc130c0c0c0cs0.980297,True,,,,,,,TACTCGTGATTATCTTGCTGCTGCATTTCCTGAGCTTAATGCTTGGGAGCGTGCTGGTGCTGATGCTTCCTCTGCTGGTATGGTTGACGCCGGATTTGAGAATCAAAAAGAGCTTACTAAAATGCAACTGGACAATCAGAAAGAGATTGCCGAGATGCAAAATGAGACTCAAAAAGAGATTGCTGGCATTCAGTCGGCGACTTCACGCCAGAATACGAAAGACCAGGTATATGCACAAAATGAGATGCTTGCTTATCAACAGAAGGAGTCTACTGCTCGCGTTGCGTCTATTATGGAAAACACCAATCTTTCCAAGCAACAGCAGGTTTCCGAGATTATGCGCCAAATGCTTACTCAAGCTCAAACGGCTGGTCAGTATTTTACCAATGACCAAATCAAAGAAATGACTCGCAAGGTTAGT,,,,,,,,,,,,,,,,,,,,,,,,,,,,,,,,,,
SRR4026019ccc207c0c0c0cs0.994871,True,,,,,,,AGGGTGGGAACAGAGTGACAGTGGGGTTGGCCTTGGGCTGACCTAGGACGGTGACCTTGGTCCCAGTACCGAAGACGAGAGTGCTGCTGGCTGTATAGGAGCTGCAGTAATATTCAGCCTCGTCTTCAGCCTGGAGCCCAGAGATGGTCAGGGAGGCCGTGTTGCCAGACTTGGAGCCTGAGAAGCGATTAGAAACCCCTGAGGGACGATTACCGACATCAAAAATCATGAGTTTGGGGGCTTTACGTGGGTGCTGTTGGTACCAGGAGACGTGGTTATATTGAGCACCAACGTCACTGCTGGTTCCAGTGCAGGAGATGGTGATCGACTGGCCAGGAGACCCAGACACGGAGGCAGGTTGAGTCAGGGCAGACTGGGCCCAGGACCCTGTGCCCTGAGTGAGGAGGGTGAGGAATAGCAGAGCCCAGGCCATGGTGGAGACGTCCCGAGAGCGCTGCCTCCTGAGACCCCCCCCGTATGTACTTTGTCACTGGT,,,,,,,,,,,,,,,,,,,,,,,,,,,,,,,,,,
SRR4026019ccc193c0c0c0cs0.944302,True,,,,,,,GAATTCTCACAGGAGACGAGGGGGAAAAAGGGTTGGGGCGGATGCACTCCCTGAGGAGACGGTGACCAGGGTTCCCTGGCCCCAGTAGTCAAAGTAGTTCGTCGGGCAGCTGGTACTACTACAACGATCTCTCGCACAGTAATACACAGCCGTGTCCTCGGCCCTCAGGCTGTTCATTTGCAGATACAGCGTGTTCTTGGAATTGTCTCTGGAGATGGTGAATCGGCCCTTCACGGAGTCTGCATAGTATTTATTACTTCCATCATACCATATAACTGCCACCCACTCCAGCCCCTTGCCTGGACCCTGGCGGACCCAGTGCATGCCATAGCTACTGAAGGTGAGTCCAGACGCTGCACAGGGGAGTCTCAGGGACCTCCCAGGCTGGCCCACGCCTCCCCCAGACGCCACCAGCTGCACCTGACACTGGACACCTCTTAAAAGAGCAACGAGGAAAACCCAGCTCAGCCCAAACTCCATGGTGAGTCCTCTGTGTTCAGTGCTGATCACCGAATGGAAACACCGCCGACTTCTAGTGCTGGGCTCCTCTCCCAGAGCTCCCGTAAGACTAACACATACTAC,,,,,,,,,,,,,,,,,,,,,,,,,,,,,,,,,,
SRR4026019ccc24c0c0c0cs0.683585,True,,,,,,,TGTCTGCACCCTGATATGATGGGGAACACATCCGGAGCCTTGGTGGGTGCTGAGGAGACGGTGACCAGGGTTCCCTGGCCCCAGTAGTCAAAGTAGTACCATATCATAGCAGCTGGTACTAGGGGCGCTTTGGTCGCACAGTAATACACAGCCGTGTCCTCGTCTCTCAGGCTGTTCATTTGCAGATACAGTGAGTTCTTGGCATTGTCTCTGGAGATGGTGAATCGGCCCTTCCCAGAGTCTGCGTAGTATCTGGTACTCCTACTCCTACTAATGCATGAAACCCACTCCACCCCCTTCCCTGGAGCCTGGCGGACCCCGTTCACGGTAGGGCGACGGAAGGTGAAGCCAGAGGGTGCACAGGAGAGTCGCAGGGACCCCCCAGGCTGGACCAAGCGTCGCCCAGACGCAAGCAGCGGGACCTGACACTGGAGACCTTCGAAAAGAGCAACAAGGAAAACCCAGCACAGGCCCAACTCCATGGGGAGGCCGCGGGGTGAAGTGCTGAGCACCAAGTGGAAATGCCTTGGAATCCAGGGCTAAGGGAGCGCGCTGAGAGCTCCCGTATCATCAATCAGATGCTT,,,,,,,,,,,,,,,,,,,,,,,,,,,,,,,,,,
