	sequence_ids	productive	v_call	d_call	j_call	cdr3_aa
0	SRR4026019:::42:0:0:0:s0.930192	True	IGHV1-5*01	IGHD2-13*01	IGHJ3*01	WKLLVPVYILTCPDVGAAPTAGDGDPRRWGRRH*GRRRQQRL
1	SRR4026019:::52:0:0:0:s0.972348	True	IGHV1-5*01	IGHD5-6*01	IGHJ1*01	WELLVPGYI
2	SRR4026019:::141:0:0:0:s0.928088	True	IGHV1-80*01	IGHD1-1*01	IGHJ2*02	HI*LFVNVFSHIETNSHITG
3	SRR4026019:::147:0:0:0:s0.998271	True	IGHV1-79*01	IGHD3-2*02	IGHJ2*03	VQAMVETPQNSAS
4	SRR4026019:::9:0:0:0:s0.859404	True	IGHV2-3-1*01	IGHD2-10*01	IGHJ3*01	CPRSTAAEP*WDPTLQTGCSIDQ
5	SRR4026019:::181:0:0:0:s0.987772	True	IGHV6-5*01	IGHD2-12*01	IGHJ3*01	QAK*FLLLELYKTLWLDLQLMVALSPRD
6	SRR4026019:::184:0:0:0:s0.968259	True	IGHV2-3-1*01	IGHD2-10*01	IGHJ2*02	QA*RRSSLVGRWLTIFIA
7	SRR4026019:::32:0:0:0:s0.673776	True	IGHV2-3-1*01	IGHD2-10*01	IGHJ3*01	CARSTAAEP*WDPTL*TGCSIDQ
8	SRR4026019:::62:0:0:0:s0.700773	True	IGHV2-3-1*01	IGHD6-2*01	IGHJ3*01	CPSSTAAEP*WDPTF*TRRLIDQ
9	SRR4026019:::144:0:0:0:s0.995050	True	IGHV8-7*01	IGHD1-1*01	IGHJ2*01	RPILAQLEKLLLCDL
10	SRR4026019:::206:0:0:0:s0.723318	True	IGHV11-2*01	IGHD1-2*01	IGHJ3*01	TVIYGRVLGSPAVHLQ
11	SRR4026019:::200:0:0:0:s0.987800	True	IGHV8-7*01	IGHD1-1*01	IGHJ2*01	RPILAQLEKLLLCDL
12	SRR4026019:::189:0:0:0:s0.997564	True	IGHV2-3-1*01	IGHD6-2*01	IGHJ2*02	RQA*RRSSLVCRWSTILIA
13	SRR4026019:::115:0:0:0:s0.936461	True	IGHV6-5*01	IGHD2-12*01	IGHJ2*03	QAK*FLLLGLYKIFWLDLQLMVALSPRDT
14	SRR4026019:::183:0:0:0:s0.941771	False				X
15	SRR4026019:::143:0:0:0:s0.981820	False				X
16	SRR4026019:::124:0:0:0:s0.985950	False				X
17	SRR4026019:::199:0:0:0:s0.998104	False				X
18	SRR4026019:::218:0:0:0:s0.977793	False				X
19	SRR4026019:::148:0:0:0:s0.915089	False				X
20	SRR4026019:::205:0:0:0:s0.998226	False				X
21	SRR4026019:::121:0:0:0:s0.985676	False				X
22	SRR4026019:::5:0:0:0:s0.612120	False				X
23	SRR4026019:::113:0:0:0:s0.995370	False				X
24	SRR4026019:::195:0:0:0:s0.604664	False				X
25	SRR4026019:::192:0:0:0:s0.807773	False				X
26	SRR4026019:::44:0:0:0:s0.964683	False				X
27	SRR4026019:::22:0:0:0:s0.657972	False				X
28	SRR4026019:::41:0:0:0:s0.616818	False				X
29	SRR4026019:::40:0:0:0:s0.625474	False				X
30	SRR4026019:::197:0:0:0:s0.761653	False				X
31	SRR4026019:::25:0:0:0:s0.764177	False				X
32	SRR4026019:::177:0:0:0:s0.996527	False				X
33	SRR4026019:::209:0:0:0:s0.877443	False				X
34	SRR4026019:::46:0:0:0:s0.968119	False				X
35	SRR4026019:::92:0:0:0:s0.922410	False				X
36	SRR4026019:::126:0:0:0:s0.997448	False				X
37	SRR4026019:::212:0:0:0:s0.999034	False				X
38	SRR4026019:::48:0:0:0:s0.963524	False				X
39	SRR4026019:::82:0:0:0:s0.964637	False				X
40	SRR4026019:::85:0:0:0:s0.979360	False				X
41	SRR4026019:::94:0:0:0:s0.973708	False				X
42	SRR4026019:::179:0:0:0:s0.982219	False				X
43	SRR4026019:::188:0:0:0:s0.970740	False				X
44	SRR4026019:::39:0:0:0:s0.811682	False				X
45	SRR4026019:::65:0:0:0:s0.960856	False				X
46	SRR4026019:::180:0:0:0:s0.936680	False				X
47	SRR4026019:::210:0:0:0:s0.988903	False				X
48	SRR4026019:::208:0:0:0:s0.988021	False				X
49	SRR4026019:::203:0:0:0:s0.990920	False				X
50	SRR4026019:::47:0:0:0:s0.957412	False				X
51	SRR4026019:::182:0:0:0:s0.986976	False				X
52	SRR4026019:::37:0:0:0:s0.961809	False				X
53	SRR4026019:::204:0:0:0:s0.996711	False				X
54	SRR4026019:::201:0:0:0:s0.990042	False				X
55	SRR4026019:::109:0:0:0:s0.997271	False				X
56	SRR4026019:::45:0:0:0:s0.969203	False				X
57	SRR4026019:::149:0:0:0:s0.876096	False				X
58	SRR4026019:::83:0:0:0:s0.975538	False				X
59	SRR4026019:::76:0:0:0:s0.747293	False				X
60	SRR4026019:::151:0:0:0:s0.984078	False				X
61	SRR4026019:::78:0:0:0:s0.987542	False				X
62	SRR4026019:::75:0:0:0:s0.918307	False				X
63	SRR4026019:::7:0:0:0:s0.720727	False				X
64	SRR4026019:::87:0:0:0:s0.768804	False				X
65	SRR4026019:::215:0:0:0:s0.985111	False				X
66	SRR4026019:::111:0:0:0:s0.996557	False				X
67	SRR4026019:::8:0:0:0:s0.696880	False				X
68	SRR4026019:::14:0:0:0:s0.961943	False				X
69	SRR4026019:::123:0:0:0:s0.978204	False				X
70	SRR4026019:::142:0:0:0:s0.982749	False				X
71	SRR4026019:::211:0:0:0:s0.987438	False				X
72	SRR4026019:::117:0:0:0:s0.995899	False				X
73	SRR4026019:::89:0:0:0:s0.988652	False				X
74	SRR4026019:::153:0:0:0:s0.997264	False				X
75	SRR4026019:::217:0:0:0:s0.989157	False				X
76	SRR4026019:::156:0:0:0:s0.971642	False				X
77	SRR4026019:::213:0:0:0:s0.998105	False				X
78	SRR4026019:::49:0:0:0:s0.968191	False				X
79	SRR4026019:::214:0:0:0:s0.965730	False				X
80	SRR4026019:::190:0:0:0:s0.966950	False				X
81	SRR4026019:::67:0:0:0:s0.981138	False				X
82	SRR4026019:::175:0:0:0:s0.994921	False				X
83	SRR4026019:::93:0:0:0:s0.728328	False				X
84	SRR4026019:::145:0:0:0:s0.987914	False				X
85	SRR4026019:::152:0:0:0:s0.988333	False				X
86	SRR4026019:::154:0:0:0:s0.994180	False				X
87	SRR4026019:::186:0:0:0:s0.996828	False				X
88	SRR4026019:::168:0:0:0:s0.981664	False				X
89	SRR4026019:::119:0:0:0:s0.929077	False				X
90	SRR4026019:::216:0:0:0:s0.989045	False				X
91	SRR4026019:::43:0:0:0:s0.676936	False				X
92	SRR4026019:::196:0:0:0:s0.996905	False				X
93	SRR4026019:::158:0:0:0:s0.981506	False				X
94	SRR4026019:::169:0:0:0:s0.991252	False				X
95	SRR4026019:::130:0:0:0:s0.980297	False				X
96	SRR4026019:::207:0:0:0:s0.994871	False				X
97	SRR4026019:::29:0:0:0:s0.979049	False				X
98	SRR4026019:::193:0:0:0:s0.944302	False				X
99	SRR4026019:::24:0:0:0:s0.683585	False				X
